$version Generated by VerilatedVcd $end
$date Sun Oct 26 13:02:52 2025 $end
$timescale 1ps $end

 $scope module TOP $end
  $var wire  1 # clk $end
  $var wire  8 ' dout [7:0] $end
  $var wire  1 % en $end
  $var wire  8 & incr [7:0] $end
  $var wire  1 $ rst $end
  $scope module sinegen $end
   $var wire 32 ) A_WIDTH [31:0] $end
   $var wire 32 ) D_WIDTH [31:0] $end
   $var wire  8 ( address [7:0] $end
   $var wire  1 # clk $end
   $var wire  8 ' dout [7:0] $end
   $var wire  1 % en $end
   $var wire  8 & incr [7:0] $end
   $var wire  1 $ rst $end
   $scope module addrCounter $end
    $var wire 32 ) WIDTH [31:0] $end
    $var wire  1 # clk $end
    $var wire  8 ( count [7:0] $end
    $var wire  1 % en $end
    $var wire  8 & incr [7:0] $end
    $var wire  1 $ rst $end
   $upscope $end
   $scope module sineRom $end
    $var wire 32 ) ADDRESS_WIDTH [31:0] $end
    $var wire 32 ) DATA_WIDTH [31:0] $end
    $var wire  8 ( addr [7:0] $end
    $var wire  1 # clk $end
    $var wire  8 ' dout [7:0] $end
   $upscope $end
  $upscope $end
 $upscope $end
$enddefinitions $end


#0
1#
0$
1%
b00000001 &
b00000000 '
b00000000 (
b00000000000000000000000000001000 )
#1
0#
#2
1#
b00000101 &
b11111110 '
b00000001 (
#3
0#
#4
1#
b11111101 '
b00000110 (
#5
0#
#6
1#
b11111100 '
b00001011 (
#7
0#
#8
1#
b11111001 '
b00010000 (
#9
0#
#10
1#
b11110100 '
b00010101 (
#11
0#
#12
1#
b11101101 '
b00011010 (
#13
0#
#14
1#
b11100101 '
b00011111 (
#15
0#
#16
1#
b11011010 '
b00100100 (
#17
0#
#18
1#
b11001111 '
b00101001 (
#19
0#
#20
1#
b11000010 '
b00101110 (
#21
0#
#22
1#
b10110101 '
b00110011 (
#23
0#
#24
1#
b10100110 '
b00111000 (
#25
0#
#26
1#
b10010111 '
b00111101 (
#27
0#
#28
1#
b10001000 '
b01000010 (
#29
0#
#30
1#
b01111000 '
b01000111 (
#31
0#
#32
1#
b01101001 '
b01001100 (
#33
0#
#34
1#
b01011010 '
b01010001 (
#35
0#
#36
1#
b01001011 '
b01010110 (
#37
0#
#38
1#
b00111101 '
b01011011 (
#39
0#
#40
1#
b00110000 '
b01100000 (
#41
0#
#42
1#
b00100101 '
b01100101 (
#43
0#
#44
1#
b00011010 '
b01101010 (
#45
0#
#46
1#
b00010010 '
b01101111 (
#47
0#
#48
1#
b00001010 '
b01110100 (
#49
0#
#50
1#
b00000101 '
b01111001 (
#51
0#
#52
1#
b00000001 '
b01111110 (
#53
0#
#54
1#
b00000000 '
b10000011 (
#55
0#
#56
1#
b10001000 (
#57
0#
#58
1#
b00000010 '
b10001101 (
#59
0#
#60
1#
b00000110 '
b10010010 (
#61
0#
#62
1#
b00001100 '
b10010111 (
#63
0#
#64
1#
b00010011 '
b10011100 (
#65
0#
#66
1#
b00011100 '
b10100001 (
#67
0#
#68
1#
b00100111 '
b10100110 (
#69
0#
#70
1#
b00110011 '
b10101011 (
#71
0#
#72
1#
b01000000 '
b10110000 (
#73
0#
#74
1#
b01001110 '
b10110101 (
#75
0#
#76
1#
b01011101 '
b10111010 (
#77
0#
#78
1#
b01101100 '
b10111111 (
#79
0#
#80
1#
b01111011 '
b11000100 (
#81
0#
#82
1#
b10001011 '
b11001001 (
#83
0#
#84
1#
b10011010 '
b11001110 (
#85
0#
#86
1#
b10101001 '
b11010011 (
#87
0#
#88
1#
b10111000 '
b11011000 (
#89
0#
#90
1#
b11000101 '
b11011101 (
#91
0#
#92
1#
b11010001 '
b11100010 (
#93
0#
#94
1#
b11011101 '
b11100111 (
#95
0#
#96
1#
b11100110 '
b11101100 (
#97
0#
#98
1#
b11101111 '
b11110001 (
#99
0#
#100
1#
b11110101 '
b11110110 (
#101
0#
#102
1#
b11111010 '
b11111011 (
#103
0#
#104
1#
b11111101 '
b00000000 (
#105
0#
#106
1#
b11111110 '
b00000101 (
#107
0#
#108
1#
b11111101 '
b00001010 (
#109
0#
#110
1#
b11111010 '
b00001111 (
#111
0#
#112
1#
b11110101 '
b00010100 (
#113
0#
#114
1#
b11101111 '
b00011001 (
#115
0#
#116
1#
b11100110 '
b00011110 (
#117
0#
#118
1#
b11011101 '
b00100011 (
#119
0#
#120
1#
b11010001 '
b00101000 (
#121
0#
#122
1#
b11000101 '
b00101101 (
#123
0#
#124
1#
b10111000 '
b00110010 (
#125
0#
#126
1#
b10101001 '
b00110111 (
#127
0#
#128
1#
b10011010 '
b00111100 (
#129
0#
#130
1#
b10001011 '
b01000001 (
#131
0#
#132
1#
b01111011 '
b01000110 (
#133
0#
#134
1#
b01101100 '
b01001011 (
#135
0#
#136
1#
b01011101 '
b01010000 (
#137
0#
#138
1#
b01001110 '
b01010101 (
#139
0#
#140
1#
b01000000 '
b01011010 (
#141
0#
#142
1#
b00110011 '
b01011111 (
#143
0#
#144
1#
b00100111 '
b01100100 (
#145
0#
#146
1#
b00011100 '
b01101001 (
#147
0#
#148
1#
b00010011 '
b01101110 (
#149
0#
#150
1#
b00001100 '
b01110011 (
#151
0#
#152
1#
b00000110 '
b01111000 (
#153
0#
#154
1#
b00000010 '
b01111101 (
#155
0#
#156
1#
b00000000 '
b10000010 (
#157
0#
#158
1#
b10000111 (
#159
0#
#160
1#
b00000001 '
b10001100 (
#161
0#
#162
1#
b00000101 '
b10010001 (
#163
0#
#164
1#
b00001010 '
b10010110 (
#165
0#
#166
1#
b00010010 '
b10011011 (
#167
0#
#168
1#
b00011010 '
b10100000 (
#169
0#
#170
1#
b00100101 '
b10100101 (
#171
0#
#172
1#
b00110000 '
b10101010 (
#173
0#
#174
1#
b00111101 '
b10101111 (
#175
0#
#176
1#
b01001011 '
b10110100 (
#177
0#
#178
1#
b01011010 '
b10111001 (
#179
0#
#180
1#
b01101001 '
b10111110 (
#181
0#
#182
1#
b01111000 '
b11000011 (
#183
0#
#184
1#
b10001000 '
b11001000 (
#185
0#
#186
1#
b10010111 '
b11001101 (
#187
0#
#188
1#
b10100110 '
b11010010 (
#189
0#
#190
1#
b10110101 '
b11010111 (
#191
0#
#192
1#
b11000010 '
b11011100 (
#193
0#
#194
1#
b11001111 '
b11100001 (
#195
0#
#196
1#
b11011010 '
b11100110 (
#197
0#
#198
1#
b11100101 '
b11101011 (
#199
0#
#200
1#
b11101101 '
b11110000 (
#201
0#
#202
1#
b11110100 '
b11110101 (
#203
0#
#204
1#
b11111001 '
b11111010 (
#205
0#
#206
1#
b11111100 '
b11111111 (
#207
0#
#208
1#
b11111101 '
b00000100 (
#209
0#
#210
1#
b00001001 (
#211
0#
#212
1#
b11111010 '
b00001110 (
#213
0#
#214
1#
b11110110 '
b00010011 (
#215
0#
#216
1#
b11110000 '
b00011000 (
#217
0#
#218
1#
b11101000 '
b00011101 (
#219
0#
#220
1#
b11011111 '
b00100010 (
#221
0#
#222
1#
b11010100 '
b00100111 (
#223
0#
#224
1#
b11001000 '
b00101100 (
#225
0#
#226
1#
b10111010 '
b00110001 (
#227
0#
#228
1#
b10101100 '
b00110110 (
#229
0#
#230
1#
b10011101 '
b00111011 (
#231
0#
#232
1#
b10001110 '
b01000000 (
#233
0#
#234
1#
b01111110 '
b01000101 (
#235
0#
#236
1#
b01101111 '
b01001010 (
#237
0#
#238
1#
b01100000 '
b01001111 (
#239
0#
#240
1#
b01010001 '
b01010100 (
#241
0#
#242
1#
b01000011 '
b01011001 (
#243
0#
#244
1#
b00110101 '
b01011110 (
#245
0#
#246
1#
b00101001 '
b01100011 (
#247
0#
#248
1#
b00011110 '
b01101000 (
#249
0#
#250
1#
b00010101 '
b01101101 (
#251
0#
#252
1#
b00001101 '
b01110010 (
#253
0#
#254
1#
b00000111 '
b01110111 (
#255
0#
#256
1#
b00000011 '
b01111100 (
#257
0#
#258
1#
b00000000 '
b10000001 (
#259
0#
#260
1#
b10000110 (
#261
0#
#262
1#
b00000001 '
b10001011 (
#263
0#
#264
1#
b00000100 '
b10010000 (
#265
0#
#266
1#
b00001001 '
b10010101 (
#267
0#
#268
1#
b00010000 '
b10011010 (
#269
0#
#270
1#
b00011000 '
b10011111 (
#271
0#
#272
1#
b00100011 '
b10100100 (
#273
0#
#274
1#
b00101110 '
b10101001 (
#275
0#
#276
1#
b00111011 '
b10101110 (
#277
0#
#278
1#
b01001000 '
b10110011 (
#279
0#
#280
1#
b01010111 '
b10111000 (
#281
0#
#282
1#
b01100110 '
b10111101 (
#283
0#
#284
1#
b01110101 '
b11000010 (
#285
0#
#286
1#
b10000101 '
b11000111 (
#287
0#
#288
1#
b10010100 '
b11001100 (
#289
0#
#290
1#
b10100011 '
b11010001 (
#291
0#
#292
1#
b10110010 '
b11010110 (
#293
0#
#294
1#
b11000000 '
b11011011 (
#295
0#
#296
1#
b11001101 '
b11100000 (
#297
0#
#298
1#
b11011000 '
b11100101 (
#299
0#
#300
1#
b11100011 '
b11101010 (
#301
0#
#302
1#
b11101011 '
b11101111 (
#303
0#
#304
1#
b11110011 '
b11110100 (
#305
0#
#306
1#
b11111000 '
b11111001 (
#307
0#
#308
1#
b11111100 '
b11111110 (
#309
0#
#310
1#
b11111101 '
b00000011 (
#311
0#
#312
1#
b00001000 (
#313
0#
#314
1#
b11111011 '
b00001101 (
#315
0#
#316
1#
b11110111 '
b00010010 (
#317
0#
#318
1#
b11110001 '
b00010111 (
#319
0#
#320
1#
b11101010 '
b00011100 (
#321
0#
#322
1#
b11100001 '
b00100001 (
#323
0#
#324
1#
b11010110 '
b00100110 (
#325
0#
#326
1#
b11001010 '
b00101011 (
#327
0#
#328
1#
b10111101 '
b00110000 (
#329
0#
#330
1#
b10101111 '
b00110101 (
#331
0#
#332
1#
b10100000 '
b00111010 (
#333
0#
#334
1#
b00000100 &
b10010001 '
b00111111 (
#335
0#
#336
1#
b10000010 '
b01000011 (
#337
0#
#338
1#
b01110101 '
b01000111 (
#339
0#
#340
1#
b01101001 '
b01001011 (
#341
0#
#342
1#
b01011101 '
b01001111 (
#343
0#
#344
1#
b00000011 &
b01010001 '
b01010011 (
#345
0#
#346
1#
b01000101 '
b01010110 (
#347
0#
#348
1#
b00111101 '
b01011001 (
#349
0#
#350
1#
b00110101 '
b01011100 (
#351
0#
#352
1#
b00000010 &
b00101110 '
b01011111 (
#353
0#
#354
1#
b00100111 '
b01100001 (
#355
0#
#356
1#
b00100011 '
b01100011 (
#357
0#
#358
1#
b00011110 '
b01100101 (
#359
0#
#360
1#
b00011010 '
b01100111 (
#361
0#
#362
1#
b00010111 '
b01101001 (
#363
0#
#364
1#
b00010011 '
b01101011 (
#365
0#
#366
1#
b00000001 &
b00010000 '
b01101101 (
#367
0#
#368
1#
b00001101 '
b01101110 (
#369
0#
#370
1#
b00001100 '
b01101111 (
#371
0#
#372
1#
b00001010 '
b01110000 (
#373
0#
#374
1#
b00001001 '
b01110001 (
#375
0#
#376
1#
b00001000 '
b01110010 (
#377
0#
#378
1#
b00000111 '
b01110011 (
#379
0#
#380
1#
b00000110 '
b01110100 (
#381
0#
#382
1#
b00000101 '
b01110101 (
#383
0#
#384
1#
b00000100 '
b01110110 (
#385
0#
#386
1#
b00000011 '
b01110111 (
#387
0#
#388
1#
b01111000 (
#389
0#
#390
1#
b00000010 '
b01111001 (
#391
0#
#392
1#
b00000001 '
b01111010 (
#393
0#
#394
1#
b01111011 (
#395
0#
#396
1#
b00000000 '
b01111100 (
#397
0#
#398
1#
b01111101 (
#399
0#
#400
1#
b01111110 (
#401
0#
#402
1#
b01111111 (
#403
0#
#404
1#
b10000000 (
#405
0#
#406
1#
b10000001 (
#407
0#
#408
1#
b10000010 (
#409
0#
#410
1#
b10000011 (
#411
0#
#412
1#
b10000100 (
#413
0#
#414
1#
b10000101 (
#415
0#
#416
1#
b10000110 (
#417
0#
#418
1#
b00000001 '
b10000111 (
#419
0#
#420
1#
b10001000 (
#421
0#
#422
1#
b00000010 '
b10001001 (
#423
0#
#424
1#
b00000011 '
b10001010 (
#425
0#
#426
1#
b10001011 (
#427
0#
#428
1#
b00000100 '
b10001100 (
#429
0#
#430
1#
b00000101 '
b10001101 (
#431
0#
#432
1#
b00000110 '
b10001110 (
#433
0#
#434
1#
b00000111 '
b10001111 (
#435
0#
#436
1#
b00001000 '
b10010000 (
#437
0#
#438
1#
b00001001 '
b10010001 (
#439
0#
#440
1#
b00001010 '
b10010010 (
#441
0#
#442
1#
b00001100 '
b10010011 (
#443
0#
#444
1#
b00001101 '
b10010100 (
#445
0#
#446
1#
b00001110 '
b10010101 (
#447
0#
#448
1#
b00010000 '
b10010110 (
#449
0#
#450
1#
b00010010 '
b10010111 (
#451
0#
#452
1#
b00010011 '
b10011000 (
#453
0#
#454
1#
b00010101 '
b10011001 (
#455
0#
#456
1#
b00010111 '
b10011010 (
#457
0#
#458
1#
b00011000 '
b10011011 (
#459
0#
#460
1#
b00011010 '
b10011100 (
#461
0#
#462
1#
b00011100 '
b10011101 (
#463
0#
#464
1#
b00011110 '
b10011110 (
#465
0#
#466
1#
b00100000 '
b10011111 (
#467
0#
#468
1#
b00100011 '
b10100000 (
#469
0#
#470
1#
b00100101 '
b10100001 (
#471
0#
#472
1#
b00100111 '
b10100010 (
#473
0#
#474
1#
b00101001 '
b10100011 (
#475
0#
#476
1#
b00101100 '
b10100100 (
#477
0#
#478
1#
b00101110 '
b10100101 (
#479
0#
#480
1#
b00110000 '
b10100110 (
#481
0#
#482
1#
b00110011 '
b10100111 (
#483
0#
#484
1#
b00110101 '
b10101000 (
#485
0#
#486
1#
b00111000 '
b10101001 (
#487
0#
#488
1#
b00111011 '
b10101010 (
#489
0#
#490
1#
b00111101 '
b10101011 (
#491
0#
#492
1#
b01000000 '
b10101100 (
#493
0#
#494
1#
b01000011 '
b10101101 (
#495
0#
#496
1#
b01000101 '
b10101110 (
#497
0#
#498
1#
b01001000 '
b10101111 (
#499
0#
#500
1#
b01001011 '
b10110000 (
#501
0#
#502
1#
b01001110 '
b10110001 (
#503
0#
#504
1#
b01010001 '
b10110010 (
#505
0#
#506
1#
b01010100 '
b10110011 (
#507
0#
#508
1#
b01010111 '
b10110100 (
#509
0#
#510
1#
b01011010 '
b10110101 (
#511
0#
#512
1#
b01011101 '
b10110110 (
#513
0#
#514
1#
b01100000 '
b10110111 (
#515
0#
#516
1#
b01100011 '
b10111000 (
#517
0#
#518
1#
b01100110 '
b10111001 (
#519
0#
#520
1#
b01101001 '
b10111010 (
#521
0#
#522
1#
b01101100 '
b10111011 (
#523
0#
#524
1#
b01101111 '
b10111100 (
#525
0#
#526
1#
b01110010 '
b10111101 (
#527
0#
#528
1#
b01110101 '
b10111110 (
#529
0#
#530
1#
b01111000 '
b10111111 (
#531
0#
#532
1#
b01111011 '
b11000000 (
#533
0#
#534
1#
b01111111 '
b11000001 (
#535
0#
#536
1#
b10000010 '
b11000010 (
#537
0#
#538
1#
b10000101 '
b11000011 (
#539
0#
#540
1#
b10001000 '
b11000100 (
#541
0#
#542
1#
b10001011 '
b11000101 (
#543
0#
#544
1#
b10001110 '
b11000110 (
#545
0#
#546
1#
b10010001 '
b11000111 (
#547
0#
#548
1#
b10010100 '
b11001000 (
#549
0#
#550
1#
b10010111 '
b11001001 (
#551
0#
#552
1#
b10011010 '
b11001010 (
#553
0#
#554
1#
b10011101 '
b11001011 (
#555
0#
#556
1#
b10100000 '
b11001100 (
#557
0#
#558
1#
b10100011 '
b11001101 (
#559
0#
#560
1#
b10100110 '
b11001110 (
#561
0#
#562
1#
b10101001 '
b11001111 (
#563
0#
#564
1#
b10101100 '
b11010000 (
#565
0#
#566
1#
b10101111 '
b11010001 (
#567
0#
#568
1#
b10110010 '
b11010010 (
#569
0#
#570
1#
b10110101 '
b11010011 (
#571
0#
#572
1#
b10111000 '
b11010100 (
#573
0#
#574
1#
b10111010 '
b11010101 (
#575
0#
#576
1#
b10111101 '
b11010110 (
#577
0#
#578
1#
b11000000 '
b11010111 (
#579
0#
#580
1#
b11000010 '
b11011000 (
#581
0#
#582
1#
b11000101 '
b11011001 (
#583
0#
#584
1#
b11001000 '
b11011010 (
#585
0#
#586
1#
b11001010 '
b11011011 (
#587
0#
#588
1#
b11001101 '
b11011100 (
#589
0#
#590
1#
b11001111 '
b11011101 (
#591
0#
#592
1#
b11010001 '
b11011110 (
#593
0#
#594
1#
b11010100 '
b11011111 (
#595
0#
#596
1#
b11010110 '
b11100000 (
#597
0#
#598
1#
b11011000 '
b11100001 (
#599
0#
#600
1#
b11011010 '
b11100010 (
#601
0#
#602
1#
b11011101 '
b11100011 (
#603
0#
#604
1#
b11011111 '
b11100100 (
#605
0#
#606
1#
b11100001 '
b11100101 (
#607
0#
#608
1#
b11100011 '
b11100110 (
#609
0#
#610
1#
b11100101 '
b11100111 (
#611
0#
#612
1#
b11100110 '
b11101000 (
#613
0#
#614
1#
b11101000 '
b11101001 (
#615
0#
#616
1#
b11101010 '
b11101010 (
#617
0#
#618
1#
b11101011 '
b11101011 (
#619
0#
#620
1#
b11101101 '
b11101100 (
#621
0#
#622
1#
b11101111 '
b11101101 (
#623
0#
#624
1#
b11110000 '
b11101110 (
#625
0#
#626
1#
b11110001 '
b11101111 (
#627
0#
#628
1#
b11110011 '
b11110000 (
#629
0#
#630
1#
b11110100 '
b11110001 (
#631
0#
#632
1#
b11110101 '
b11110010 (
#633
0#
#634
1#
b11110110 '
b11110011 (
#635
0#
#636
1#
b11110111 '
b11110100 (
#637
0#
#638
1#
b11111000 '
b11110101 (
#639
0#
#640
1#
b11111001 '
b11110110 (
#641
0#
#642
1#
b11111010 '
b11110111 (
#643
0#
#644
1#
b11111000 (
#645
0#
#646
1#
b11111011 '
b11111001 (
#647
0#
#648
1#
b11111100 '
b11111010 (
#649
0#
#650
1#
b11111011 (
#651
0#
#652
1#
b11111101 '
b11111100 (
#653
0#
#654
1#
b11111101 (
#655
0#
#656
1#
b11111110 (
#657
0#
#658
1#
b11111111 (
#659
0#
#660
1#
b00000000 (
#661
0#
#662
1#
b11111110 '
b00000001 (
#663
0#
#664
1#
b11111101 '
b00000010 (
#665
0#
#666
1#
b00000011 (
#667
0#
#668
1#
b00000100 (
#669
0#
#670
1#
b00000101 (
#671
0#
#672
1#
b00000110 (
#673
0#
#674
1#
b11111100 '
b00000111 (
#675
0#
#676
1#
b00001000 (
#677
0#
#678
1#
b11111011 '
b00001001 (
#679
0#
#680
1#
b11111010 '
b00001010 (
#681
0#
#682
1#
b00001011 (
#683
0#
#684
1#
b11111001 '
b00001100 (
#685
0#
#686
1#
b11111000 '
b00001101 (
#687
0#
#688
1#
b11110111 '
b00001110 (
#689
0#
#690
1#
b11110110 '
b00001111 (
#691
0#
#692
1#
b11110101 '
b00010000 (
#693
0#
#694
1#
b11110100 '
b00010001 (
#695
0#
#696
1#
b11110011 '
b00010010 (
#697
0#
#698
1#
b11110001 '
b00010011 (
#699
0#
#700
1#
b11110000 '
b00010100 (
#701
0#
#702
1#
b11101111 '
b00010101 (
#703
0#
#704
1#
b11101101 '
b00010110 (
#705
0#
#706
1#
b11101011 '
b00010111 (
#707
0#
#708
1#
b11101010 '
b00011000 (
#709
0#
#710
1#
b11101000 '
b00011001 (
#711
0#
#712
1#
b11100110 '
b00011010 (
#713
0#
#714
1#
b11100101 '
b00011011 (
#715
0#
#716
1#
b11100011 '
b00011100 (
#717
0#
#718
1#
b11100001 '
b00011101 (
#719
0#
#720
1#
b11011111 '
b00011110 (
#721
0#
#722
1#
b11011101 '
b00011111 (
#723
0#
#724
1#
b11011010 '
b00100000 (
#725
0#
#726
1#
b11011000 '
b00100001 (
#727
0#
#728
1#
b11010110 '
b00100010 (
#729
0#
#730
1#
b11010100 '
b00100011 (
#731
0#
#732
1#
b11010001 '
b00100100 (
#733
0#
#734
1#
b11001111 '
b00100101 (
#735
0#
#736
1#
b11001101 '
b00100110 (
#737
0#
#738
1#
b11001010 '
b00100111 (
#739
0#
#740
1#
b11001000 '
b00101000 (
#741
0#
#742
1#
b11000101 '
b00101001 (
#743
0#
#744
1#
b11000010 '
b00101010 (
#745
0#
#746
1#
b11000000 '
b00101011 (
#747
0#
#748
1#
b10111101 '
b00101100 (
#749
0#
#750
1#
b10111010 '
b00101101 (
#751
0#
#752
1#
b10111000 '
b00101110 (
#753
0#
#754
1#
b10110101 '
b00101111 (
#755
0#
#756
1#
b10110010 '
b00110000 (
#757
0#
#758
1#
b10101111 '
b00110001 (
#759
0#
#760
1#
b10101100 '
b00110010 (
#761
0#
#762
1#
b10101001 '
b00110011 (
#763
0#
#764
1#
b10100110 '
b00110100 (
#765
0#
#766
1#
b10100011 '
b00110101 (
#767
0#
#768
1#
b10100000 '
b00110110 (
#769
0#
#770
1#
b10011101 '
b00110111 (
#771
0#
#772
1#
b10011010 '
b00111000 (
#773
0#
#774
1#
b10010111 '
b00111001 (
#775
0#
#776
1#
b10010100 '
b00111010 (
#777
0#
#778
1#
b10010001 '
b00111011 (
#779
0#
#780
1#
b10001110 '
b00111100 (
#781
0#
#782
1#
b10001011 '
b00111101 (
#783
0#
#784
1#
b10001000 '
b00111110 (
#785
0#
#786
1#
b10000101 '
b00111111 (
#787
0#
#788
1#
b10000010 '
b01000000 (
#789
0#
#790
1#
b01111110 '
b01000001 (
#791
0#
#792
1#
b01111011 '
b01000010 (
#793
0#
#794
1#
b01111000 '
b01000011 (
#795
0#
#796
1#
b01110101 '
b01000100 (
#797
0#
#798
1#
b01110010 '
b01000101 (
#799
0#
#800
1#
b01101111 '
b01000110 (
#801
0#
#802
1#
b01101100 '
b01000111 (
#803
0#
#804
1#
b01101001 '
b01001000 (
#805
0#
#806
1#
b01100110 '
b01001001 (
#807
0#
#808
1#
b01100011 '
b01001010 (
#809
0#
#810
1#
b01100000 '
b01001011 (
#811
0#
#812
1#
b01011101 '
b01001100 (
#813
0#
#814
1#
b01011010 '
b01001101 (
#815
0#
#816
1#
b01010111 '
b01001110 (
#817
0#
#818
1#
b01010100 '
b01001111 (
#819
0#
#820
1#
b01010001 '
b01010000 (
#821
0#
#822
1#
b01001110 '
b01010001 (
#823
0#
#824
1#
b01001011 '
b01010010 (
#825
0#
#826
1#
b01001000 '
b01010011 (
#827
0#
#828
1#
b01000101 '
b01010100 (
#829
0#
#830
1#
b01000011 '
b01010101 (
#831
0#
#832
1#
b01000000 '
b01010110 (
#833
0#
#834
1#
b00111101 '
b01010111 (
#835
0#
#836
1#
b00111011 '
b01011000 (
#837
0#
#838
1#
b00111000 '
b01011001 (
#839
0#
#840
1#
b00110101 '
b01011010 (
#841
0#
#842
1#
b00110011 '
b01011011 (
#843
0#
#844
1#
b00110000 '
b01011100 (
#845
0#
#846
1#
b00101110 '
b01011101 (
#847
0#
#848
1#
b00101100 '
b01011110 (
#849
0#
#850
1#
b00101001 '
b01011111 (
#851
0#
#852
1#
b00100111 '
b01100000 (
#853
0#
#854
1#
b00100101 '
b01100001 (
#855
0#
#856
1#
b00100011 '
b01100010 (
#857
0#
#858
1#
b00100000 '
b01100011 (
#859
0#
#860
1#
b00011110 '
b01100100 (
#861
0#
#862
1#
b00011100 '
b01100101 (
#863
0#
#864
1#
b00011010 '
b01100110 (
#865
0#
#866
1#
b00011000 '
b01100111 (
#867
0#
#868
1#
b00010111 '
b01101000 (
#869
0#
#870
1#
b00010101 '
b01101001 (
#871
0#
#872
1#
b00010011 '
b01101010 (
#873
0#
#874
1#
b00010010 '
b01101011 (
#875
0#
#876
1#
b00010000 '
b01101100 (
#877
0#
#878
1#
b00001110 '
b01101101 (
#879
0#
#880
1#
b00001101 '
b01101110 (
#881
0#
#882
1#
b00001100 '
b01101111 (
#883
0#
#884
1#
b00001010 '
b01110000 (
#885
0#
#886
1#
b00001001 '
b01110001 (
#887
0#
#888
1#
b00001000 '
b01110010 (
#889
0#
#890
1#
b00000111 '
b01110011 (
#891
0#
#892
1#
b00000110 '
b01110100 (
#893
0#
#894
1#
b00000101 '
b01110101 (
#895
0#
#896
1#
b00000100 '
b01110110 (
#897
0#
#898
1#
b00000011 '
b01110111 (
#899
0#
#900
1#
b01111000 (
#901
0#
#902
1#
b00000010 '
b01111001 (
#903
0#
#904
1#
b00000001 '
b01111010 (
#905
0#
#906
1#
b01111011 (
#907
0#
#908
1#
b00000000 '
b01111100 (
#909
0#
#910
1#
b01111101 (
#911
0#
#912
1#
b01111110 (
#913
0#
#914
1#
b01111111 (
#915
0#
#916
1#
b10000000 (
#917
0#
#918
1#
b10000001 (
#919
0#
#920
1#
b10000010 (
#921
0#
#922
1#
b10000011 (
#923
0#
#924
1#
b10000100 (
#925
0#
#926
1#
b10000101 (
#927
0#
#928
1#
b10000110 (
#929
0#
#930
1#
b00000001 '
b10000111 (
#931
0#
#932
1#
b10001000 (
#933
0#
#934
1#
b00000010 '
b10001001 (
#935
0#
#936
1#
b00000011 '
b10001010 (
#937
0#
#938
1#
b10001011 (
#939
0#
#940
1#
b00000100 '
b10001100 (
#941
0#
#942
1#
b00000101 '
b10001101 (
#943
0#
#944
1#
b00000110 '
b10001110 (
#945
0#
#946
1#
b00000111 '
b10001111 (
#947
0#
#948
1#
b00001000 '
b10010000 (
#949
0#
#950
1#
b00001001 '
b10010001 (
#951
0#
#952
1#
b00001010 '
b10010010 (
#953
0#
#954
1#
b00001100 '
b10010011 (
#955
0#
#956
1#
b00001101 '
b10010100 (
#957
0#
#958
1#
b00001110 '
b10010101 (
#959
0#
#960
1#
b00010000 '
b10010110 (
#961
0#
#962
1#
b00010010 '
b10010111 (
#963
0#
#964
1#
b00010011 '
b10011000 (
#965
0#
#966
1#
b00010101 '
b10011001 (
#967
0#
#968
1#
b00010111 '
b10011010 (
#969
0#
#970
1#
b00011000 '
b10011011 (
#971
0#
#972
1#
b00011010 '
b10011100 (
#973
0#
#974
1#
b00011100 '
b10011101 (
#975
0#
#976
1#
b00011110 '
b10011110 (
#977
0#
#978
1#
b00100000 '
b10011111 (
#979
0#
#980
1#
b00100011 '
b10100000 (
#981
0#
#982
1#
b00100101 '
b10100001 (
#983
0#
#984
1#
b00100111 '
b10100010 (
#985
0#
#986
1#
b00101001 '
b10100011 (
#987
0#
#988
1#
b00101100 '
b10100100 (
#989
0#
#990
1#
b00101110 '
b10100101 (
#991
0#
#992
1#
b00110000 '
b10100110 (
#993
0#
#994
1#
b00110011 '
b10100111 (
#995
0#
#996
1#
b00110101 '
b10101000 (
#997
0#
#998
1#
b00111000 '
b10101001 (
#999
0#
#1000
1#
b00111011 '
b10101010 (
#1001
0#
#1002
1#
b00111101 '
b10101011 (
#1003
0#
#1004
1#
b01000000 '
b10101100 (
#1005
0#
#1006
1#
b01000011 '
b10101101 (
#1007
0#
#1008
1#
b01000101 '
b10101110 (
#1009
0#
#1010
1#
b01001000 '
b10101111 (
#1011
0#
#1012
1#
b01001011 '
b10110000 (
#1013
0#
#1014
1#
b01001110 '
b10110001 (
#1015
0#
#1016
1#
b01010001 '
b10110010 (
#1017
0#
#1018
1#
b01010100 '
b10110011 (
#1019
0#
#1020
1#
b01010111 '
b10110100 (
#1021
0#
#1022
1#
b01011010 '
b10110101 (
#1023
0#
#1024
1#
b01011101 '
b10110110 (
#1025
0#
#1026
1#
b01100000 '
b10110111 (
#1027
0#
#1028
1#
b01100011 '
b10111000 (
#1029
0#
#1030
1#
b01100110 '
b10111001 (
#1031
0#
#1032
1#
b01101001 '
b10111010 (
#1033
0#
#1034
1#
b01101100 '
b10111011 (
#1035
0#
#1036
1#
b01101111 '
b10111100 (
#1037
0#
#1038
1#
b01110010 '
b10111101 (
#1039
0#
#1040
1#
b01110101 '
b10111110 (
#1041
0#
#1042
1#
b01111000 '
b10111111 (
#1043
0#
#1044
1#
b01111011 '
b11000000 (
#1045
0#
#1046
1#
b01111111 '
b11000001 (
#1047
0#
#1048
1#
b10000010 '
b11000010 (
#1049
0#
#1050
1#
b10000101 '
b11000011 (
#1051
0#
#1052
1#
b10001000 '
b11000100 (
#1053
0#
#1054
1#
b10001011 '
b11000101 (
#1055
0#
#1056
1#
b10001110 '
b11000110 (
#1057
0#
#1058
1#
b10010001 '
b11000111 (
#1059
0#
#1060
1#
b10010100 '
b11001000 (
#1061
0#
#1062
1#
b10010111 '
b11001001 (
#1063
0#
#1064
1#
b10011010 '
b11001010 (
#1065
0#
#1066
1#
b10011101 '
b11001011 (
#1067
0#
#1068
1#
b10100000 '
b11001100 (
#1069
0#
#1070
1#
b10100011 '
b11001101 (
#1071
0#
#1072
1#
b10100110 '
b11001110 (
#1073
0#
#1074
1#
b10101001 '
b11001111 (
#1075
0#
#1076
1#
b10101100 '
b11010000 (
#1077
0#
#1078
1#
b10101111 '
b11010001 (
#1079
0#
#1080
1#
b10110010 '
b11010010 (
#1081
0#
#1082
1#
b10110101 '
b11010011 (
#1083
0#
#1084
1#
b10111000 '
b11010100 (
#1085
0#
#1086
1#
b10111010 '
b11010101 (
#1087
0#
#1088
1#
b10111101 '
b11010110 (
#1089
0#
#1090
1#
b11000000 '
b11010111 (
#1091
0#
#1092
1#
b11000010 '
b11011000 (
#1093
0#
#1094
1#
b11000101 '
b11011001 (
#1095
0#
#1096
1#
b11001000 '
b11011010 (
#1097
0#
#1098
1#
b11001010 '
b11011011 (
#1099
0#
#1100
1#
b11001101 '
b11011100 (
#1101
0#
#1102
1#
b11001111 '
b11011101 (
#1103
0#
#1104
1#
b11010001 '
b11011110 (
#1105
0#
#1106
1#
b11010100 '
b11011111 (
#1107
0#
#1108
1#
b11010110 '
b11100000 (
#1109
0#
#1110
1#
b11011000 '
b11100001 (
#1111
0#
#1112
1#
b11011010 '
b11100010 (
#1113
0#
#1114
1#
b11011101 '
b11100011 (
#1115
0#
#1116
1#
b11011111 '
b11100100 (
#1117
0#
#1118
1#
b11100001 '
b11100101 (
#1119
0#
#1120
1#
b11100011 '
b11100110 (
#1121
0#
#1122
1#
b11100101 '
b11100111 (
#1123
0#
#1124
1#
b11100110 '
b11101000 (
#1125
0#
#1126
1#
b11101000 '
b11101001 (
#1127
0#
#1128
1#
b11101010 '
b11101010 (
#1129
0#
#1130
1#
b11101011 '
b11101011 (
#1131
0#
#1132
1#
b11101101 '
b11101100 (
#1133
0#
#1134
1#
b11101111 '
b11101101 (
#1135
0#
#1136
1#
b11110000 '
b11101110 (
#1137
0#
#1138
1#
b11110001 '
b11101111 (
#1139
0#
#1140
1#
b11110011 '
b11110000 (
#1141
0#
#1142
1#
b11110100 '
b11110001 (
#1143
0#
#1144
1#
b11110101 '
b11110010 (
#1145
0#
#1146
1#
b11110110 '
b11110011 (
#1147
0#
#1148
1#
b11110111 '
b11110100 (
#1149
0#
#1150
1#
b11111000 '
b11110101 (
#1151
0#
#1152
1#
b11111001 '
b11110110 (
#1153
0#
#1154
1#
b11111010 '
b11110111 (
#1155
0#
#1156
1#
b11111000 (
#1157
0#
#1158
1#
b11111011 '
b11111001 (
#1159
0#
#1160
1#
b11111100 '
b11111010 (
#1161
0#
#1162
1#
b11111011 (
#1163
0#
#1164
1#
b11111101 '
b11111100 (
#1165
0#
#1166
1#
b11111101 (
#1167
0#
#1168
1#
b11111110 (
#1169
0#
#1170
1#
b11111111 (
#1171
0#
#1172
1#
b00000000 (
#1173
0#
#1174
1#
b11111110 '
b00000001 (
#1175
0#
#1176
1#
b11111101 '
b00000010 (
#1177
0#
#1178
1#
b00000011 (
#1179
0#
#1180
1#
b00000100 (
#1181
0#
#1182
1#
b00000101 (
#1183
0#
#1184
1#
b00000110 (
#1185
0#
#1186
1#
b11111100 '
b00000111 (
#1187
0#
#1188
1#
b00001000 (
#1189
0#
#1190
1#
b11111011 '
b00001001 (
#1191
0#
#1192
1#
b11111010 '
b00001010 (
#1193
0#
#1194
1#
b00001011 (
#1195
0#
#1196
1#
b11111001 '
b00001100 (
#1197
0#
#1198
1#
b11111000 '
b00001101 (
#1199
0#
#1200
1#
b11110111 '
b00001110 (
#1201
0#
#1202
1#
b11110110 '
b00001111 (
#1203
0#
#1204
1#
b11110101 '
b00010000 (
#1205
0#
#1206
1#
b11110100 '
b00010001 (
#1207
0#
#1208
1#
b11110011 '
b00010010 (
#1209
0#
#1210
1#
b11110001 '
b00010011 (
#1211
0#
#1212
1#
b11110000 '
b00010100 (
#1213
0#
#1214
1#
b11101111 '
b00010101 (
#1215
0#
#1216
1#
b11101101 '
b00010110 (
#1217
0#
#1218
1#
b11101011 '
b00010111 (
#1219
0#
#1220
1#
b11101010 '
b00011000 (
#1221
0#
#1222
1#
b11101000 '
b00011001 (
#1223
0#
#1224
1#
b11100110 '
b00011010 (
#1225
0#
#1226
1#
b11100101 '
b00011011 (
#1227
0#
#1228
1#
b11100011 '
b00011100 (
#1229
0#
#1230
1#
b11100001 '
b00011101 (
#1231
0#
#1232
1#
b11011111 '
b00011110 (
#1233
0#
#1234
1#
b11011101 '
b00011111 (
#1235
0#
#1236
1#
b11011010 '
b00100000 (
#1237
0#
#1238
1#
b11011000 '
b00100001 (
#1239
0#
#1240
1#
b11010110 '
b00100010 (
#1241
0#
#1242
1#
b11010100 '
b00100011 (
#1243
0#
#1244
1#
b11010001 '
b00100100 (
#1245
0#
#1246
1#
b11001111 '
b00100101 (
#1247
0#
#1248
1#
b11001101 '
b00100110 (
#1249
0#
#1250
1#
b11001010 '
b00100111 (
#1251
0#
#1252
1#
b11001000 '
b00101000 (
#1253
0#
#1254
1#
b11000101 '
b00101001 (
#1255
0#
#1256
1#
b11000010 '
b00101010 (
#1257
0#
#1258
1#
b11000000 '
b00101011 (
#1259
0#
#1260
1#
b10111101 '
b00101100 (
#1261
0#
#1262
1#
b10111010 '
b00101101 (
#1263
0#
#1264
1#
b10111000 '
b00101110 (
#1265
0#
#1266
1#
b10110101 '
b00101111 (
#1267
0#
#1268
1#
b10110010 '
b00110000 (
#1269
0#
#1270
1#
b10101111 '
b00110001 (
#1271
0#
#1272
1#
b10101100 '
b00110010 (
#1273
0#
#1274
1#
b10101001 '
b00110011 (
#1275
0#
#1276
1#
b10100110 '
b00110100 (
#1277
0#
#1278
1#
b10100011 '
b00110101 (
#1279
0#
#1280
1#
b10100000 '
b00110110 (
#1281
0#
#1282
1#
b10011101 '
b00110111 (
#1283
0#
#1284
1#
b10011010 '
b00111000 (
#1285
0#
#1286
1#
b10010111 '
b00111001 (
#1287
0#
#1288
1#
b10010100 '
b00111010 (
#1289
0#
#1290
1#
b10010001 '
b00111011 (
#1291
0#
#1292
1#
b10001110 '
b00111100 (
#1293
0#
#1294
1#
b10001011 '
b00111101 (
#1295
0#
#1296
1#
b10001000 '
b00111110 (
#1297
0#
#1298
1#
b10000101 '
b00111111 (
#1299
0#
#1300
1#
b10000010 '
b01000000 (
#1301
0#
#1302
1#
b01111110 '
b01000001 (
#1303
0#
#1304
1#
b01111011 '
b01000010 (
#1305
0#
#1306
1#
b01111000 '
b01000011 (
#1307
0#
#1308
1#
b01110101 '
b01000100 (
#1309
0#
#1310
1#
b01110010 '
b01000101 (
#1311
0#
#1312
1#
b01101111 '
b01000110 (
#1313
0#
#1314
1#
b01101100 '
b01000111 (
#1315
0#
#1316
1#
b01101001 '
b01001000 (
#1317
0#
#1318
1#
b01100110 '
b01001001 (
#1319
0#
#1320
1#
b01100011 '
b01001010 (
#1321
0#
#1322
1#
b01100000 '
b01001011 (
#1323
0#
#1324
1#
b01011101 '
b01001100 (
#1325
0#
#1326
1#
b01011010 '
b01001101 (
#1327
0#
#1328
1#
b01010111 '
b01001110 (
#1329
0#
#1330
1#
b01010100 '
b01001111 (
#1331
0#
#1332
1#
b01010001 '
b01010000 (
#1333
0#
#1334
1#
b01001110 '
b01010001 (
#1335
0#
#1336
1#
b01001011 '
b01010010 (
#1337
0#
#1338
1#
b01001000 '
b01010011 (
#1339
0#
#1340
1#
b01000101 '
b01010100 (
#1341
0#
#1342
1#
b01000011 '
b01010101 (
#1343
0#
#1344
1#
b01000000 '
b01010110 (
#1345
0#
#1346
1#
b00111101 '
b01010111 (
#1347
0#
#1348
1#
b00111011 '
b01011000 (
#1349
0#
#1350
1#
b00111000 '
b01011001 (
#1351
0#
#1352
1#
b00110101 '
b01011010 (
#1353
0#
#1354
1#
b00110011 '
b01011011 (
#1355
0#
#1356
1#
b00110000 '
b01011100 (
#1357
0#
#1358
1#
b00101110 '
b01011101 (
#1359
0#
#1360
1#
b00101100 '
b01011110 (
#1361
0#
#1362
1#
b00101001 '
b01011111 (
#1363
0#
#1364
1#
b00100111 '
b01100000 (
#1365
0#
#1366
1#
b00100101 '
b01100001 (
#1367
0#
#1368
1#
b00100011 '
b01100010 (
#1369
0#
#1370
1#
b00100000 '
b01100011 (
#1371
0#
#1372
1#
b00011110 '
b01100100 (
#1373
0#
#1374
1#
b00011100 '
b01100101 (
#1375
0#
#1376
1#
b00011010 '
b01100110 (
#1377
0#
#1378
1#
b00011000 '
b01100111 (
#1379
0#
#1380
1#
b00010111 '
b01101000 (
#1381
0#
#1382
1#
b00010101 '
b01101001 (
#1383
0#
#1384
1#
b00010011 '
b01101010 (
#1385
0#
#1386
1#
b00010010 '
b01101011 (
#1387
0#
#1388
1#
b00010000 '
b01101100 (
#1389
0#
#1390
1#
b00001110 '
b01101101 (
#1391
0#
#1392
1#
b00001101 '
b01101110 (
#1393
0#
#1394
1#
b00001100 '
b01101111 (
#1395
0#
#1396
1#
b00001010 '
b01110000 (
#1397
0#
#1398
1#
b00001001 '
b01110001 (
#1399
0#
#1400
1#
b00001000 '
b01110010 (
#1401
0#
#1402
1#
b00000111 '
b01110011 (
#1403
0#
#1404
1#
b00000110 '
b01110100 (
#1405
0#
#1406
1#
b00000101 '
b01110101 (
#1407
0#
#1408
1#
b00000100 '
b01110110 (
#1409
0#
#1410
1#
b00000011 '
b01110111 (
#1411
0#
#1412
1#
b01111000 (
#1413
0#
#1414
1#
b00000010 '
b01111001 (
#1415
0#
#1416
1#
b00000001 '
b01111010 (
#1417
0#
#1418
1#
b01111011 (
#1419
0#
#1420
1#
b00000000 '
b01111100 (
#1421
0#
#1422
1#
b01111101 (
#1423
0#
#1424
1#
b01111110 (
#1425
0#
#1426
1#
b01111111 (
#1427
0#
#1428
1#
b10000000 (
#1429
0#
#1430
1#
b10000001 (
#1431
0#
#1432
1#
b10000010 (
#1433
0#
#1434
1#
b10000011 (
#1435
0#
#1436
1#
b10000100 (
#1437
0#
#1438
1#
b10000101 (
#1439
0#
#1440
1#
b10000110 (
#1441
0#
#1442
1#
b00000001 '
b10000111 (
#1443
0#
#1444
1#
b10001000 (
#1445
0#
#1446
1#
b00000010 '
b10001001 (
#1447
0#
#1448
1#
b00000011 '
b10001010 (
#1449
0#
#1450
1#
b10001011 (
#1451
0#
#1452
1#
b00000100 '
b10001100 (
#1453
0#
#1454
1#
b00000101 '
b10001101 (
#1455
0#
#1456
1#
b00000110 '
b10001110 (
#1457
0#
#1458
1#
b00000111 '
b10001111 (
#1459
0#
#1460
1#
b00001000 '
b10010000 (
#1461
0#
#1462
1#
b00001001 '
b10010001 (
#1463
0#
#1464
1#
b00001010 '
b10010010 (
#1465
0#
#1466
1#
b00001100 '
b10010011 (
#1467
0#
#1468
1#
b00001101 '
b10010100 (
#1469
0#
#1470
1#
b00001110 '
b10010101 (
#1471
0#
#1472
1#
b00010000 '
b10010110 (
#1473
0#
#1474
1#
b00010010 '
b10010111 (
#1475
0#
#1476
1#
b00010011 '
b10011000 (
#1477
0#
#1478
1#
b00010101 '
b10011001 (
#1479
0#
#1480
1#
b00010111 '
b10011010 (
#1481
0#
#1482
1#
b00011000 '
b10011011 (
#1483
0#
#1484
1#
b00011010 '
b10011100 (
#1485
0#
#1486
1#
b00011100 '
b10011101 (
#1487
0#
#1488
1#
b00011110 '
b10011110 (
#1489
0#
#1490
1#
b00100000 '
b10011111 (
#1491
0#
#1492
1#
b00100011 '
b10100000 (
#1493
0#
#1494
1#
b00100101 '
b10100001 (
#1495
0#
#1496
1#
b00100111 '
b10100010 (
#1497
0#
#1498
1#
b00101001 '
b10100011 (
#1499
0#
#1500
1#
b00101100 '
b10100100 (
#1501
0#
#1502
1#
b00101110 '
b10100101 (
#1503
0#
#1504
1#
b00110000 '
b10100110 (
#1505
0#
#1506
1#
b00110011 '
b10100111 (
#1507
0#
#1508
1#
b00110101 '
b10101000 (
#1509
0#
#1510
1#
b00111000 '
b10101001 (
#1511
0#
#1512
1#
b00111011 '
b10101010 (
#1513
0#
#1514
1#
b00111101 '
b10101011 (
#1515
0#
#1516
1#
b01000000 '
b10101100 (
#1517
0#
#1518
1#
b01000011 '
b10101101 (
#1519
0#
#1520
1#
b01000101 '
b10101110 (
#1521
0#
#1522
1#
b01001000 '
b10101111 (
#1523
0#
#1524
1#
b01001011 '
b10110000 (
#1525
0#
#1526
1#
b01001110 '
b10110001 (
#1527
0#
#1528
1#
b01010001 '
b10110010 (
#1529
0#
#1530
1#
b01010100 '
b10110011 (
#1531
0#
#1532
1#
b01010111 '
b10110100 (
#1533
0#
#1534
1#
b01011010 '
b10110101 (
#1535
0#
#1536
1#
b01011101 '
b10110110 (
#1537
0#
#1538
1#
b01100000 '
b10110111 (
#1539
0#
#1540
1#
b01100011 '
b10111000 (
#1541
0#
#1542
1#
b01100110 '
b10111001 (
#1543
0#
#1544
1#
b01101001 '
b10111010 (
#1545
0#
#1546
1#
b01101100 '
b10111011 (
#1547
0#
#1548
1#
b01101111 '
b10111100 (
#1549
0#
#1550
1#
b01110010 '
b10111101 (
#1551
0#
#1552
1#
b01110101 '
b10111110 (
#1553
0#
#1554
1#
b01111000 '
b10111111 (
#1555
0#
#1556
1#
b01111011 '
b11000000 (
#1557
0#
#1558
1#
b01111111 '
b11000001 (
#1559
0#
#1560
1#
b10000010 '
b11000010 (
#1561
0#
#1562
1#
b10000101 '
b11000011 (
#1563
0#
#1564
1#
b10001000 '
b11000100 (
#1565
0#
#1566
1#
b10001011 '
b11000101 (
#1567
0#
#1568
1#
b10001110 '
b11000110 (
#1569
0#
#1570
1#
b10010001 '
b11000111 (
#1571
0#
#1572
1#
b10010100 '
b11001000 (
#1573
0#
#1574
1#
b10010111 '
b11001001 (
#1575
0#
#1576
1#
b10011010 '
b11001010 (
#1577
0#
#1578
1#
b10011101 '
b11001011 (
#1579
0#
#1580
1#
b10100000 '
b11001100 (
#1581
0#
#1582
1#
b10100011 '
b11001101 (
#1583
0#
#1584
1#
b10100110 '
b11001110 (
#1585
0#
#1586
1#
b10101001 '
b11001111 (
#1587
0#
#1588
1#
b10101100 '
b11010000 (
#1589
0#
#1590
1#
b10101111 '
b11010001 (
#1591
0#
#1592
1#
b10110010 '
b11010010 (
#1593
0#
#1594
1#
b10110101 '
b11010011 (
#1595
0#
#1596
1#
b10111000 '
b11010100 (
#1597
0#
#1598
1#
b10111010 '
b11010101 (
#1599
0#
#1600
1#
b10111101 '
b11010110 (
#1601
0#
#1602
1#
b11000000 '
b11010111 (
#1603
0#
#1604
1#
b11000010 '
b11011000 (
#1605
0#
#1606
1#
b11000101 '
b11011001 (
#1607
0#
#1608
1#
b11001000 '
b11011010 (
#1609
0#
#1610
1#
b11001010 '
b11011011 (
#1611
0#
#1612
1#
b11001101 '
b11011100 (
#1613
0#
#1614
1#
b11001111 '
b11011101 (
#1615
0#
#1616
1#
b11010001 '
b11011110 (
#1617
0#
#1618
1#
b11010100 '
b11011111 (
#1619
0#
#1620
1#
b11010110 '
b11100000 (
#1621
0#
#1622
1#
b11011000 '
b11100001 (
#1623
0#
#1624
1#
b11011010 '
b11100010 (
#1625
0#
#1626
1#
b11011101 '
b11100011 (
#1627
0#
#1628
1#
b11011111 '
b11100100 (
#1629
0#
#1630
1#
b11100001 '
b11100101 (
#1631
0#
#1632
1#
b11100011 '
b11100110 (
#1633
0#
#1634
1#
b11100101 '
b11100111 (
#1635
0#
#1636
1#
b11100110 '
b11101000 (
#1637
0#
#1638
1#
b11101000 '
b11101001 (
#1639
0#
#1640
1#
b11101010 '
b11101010 (
#1641
0#
#1642
1#
b11101011 '
b11101011 (
#1643
0#
#1644
1#
b11101101 '
b11101100 (
#1645
0#
#1646
1#
b11101111 '
b11101101 (
#1647
0#
#1648
1#
b11110000 '
b11101110 (
#1649
0#
#1650
1#
b11110001 '
b11101111 (
#1651
0#
#1652
1#
b11110011 '
b11110000 (
#1653
0#
#1654
1#
b11110100 '
b11110001 (
#1655
0#
#1656
1#
b11110101 '
b11110010 (
#1657
0#
#1658
1#
b11110110 '
b11110011 (
#1659
0#
#1660
1#
b11110111 '
b11110100 (
#1661
0#
#1662
1#
b11111000 '
b11110101 (
#1663
0#
#1664
1#
b11111001 '
b11110110 (
#1665
0#
#1666
1#
b11111010 '
b11110111 (
#1667
0#
#1668
1#
b11111000 (
#1669
0#
#1670
1#
b11111011 '
b11111001 (
#1671
0#
#1672
1#
b11111100 '
b11111010 (
#1673
0#
#1674
1#
b11111011 (
#1675
0#
#1676
1#
b11111101 '
b11111100 (
#1677
0#
#1678
1#
b11111101 (
#1679
0#
#1680
1#
b11111110 (
#1681
0#
#1682
1#
b11111111 (
#1683
0#
#1684
1#
b00000000 (
#1685
0#
#1686
1#
b11111110 '
b00000001 (
#1687
0#
#1688
1#
b11111101 '
b00000010 (
#1689
0#
#1690
1#
b00000011 (
#1691
0#
#1692
1#
b00000100 (
#1693
0#
#1694
1#
b00000101 (
#1695
0#
#1696
1#
b00000110 (
#1697
0#
#1698
1#
b11111100 '
b00000111 (
#1699
0#
#1700
1#
b00001000 (
#1701
0#
#1702
1#
b11111011 '
b00001001 (
#1703
0#
#1704
1#
b11111010 '
b00001010 (
#1705
0#
#1706
1#
b00001011 (
#1707
0#
#1708
1#
b11111001 '
b00001100 (
#1709
0#
#1710
1#
b11111000 '
b00001101 (
#1711
0#
#1712
1#
b11110111 '
b00001110 (
#1713
0#
#1714
1#
b11110110 '
b00001111 (
#1715
0#
#1716
1#
b11110101 '
b00010000 (
#1717
0#
#1718
1#
b11110100 '
b00010001 (
#1719
0#
#1720
1#
b11110011 '
b00010010 (
#1721
0#
#1722
1#
b11110001 '
b00010011 (
#1723
0#
#1724
1#
b11110000 '
b00010100 (
#1725
0#
#1726
1#
b11101111 '
b00010101 (
#1727
0#
#1728
1#
b11101101 '
b00010110 (
#1729
0#
#1730
1#
b11101011 '
b00010111 (
#1731
0#
#1732
1#
b11101010 '
b00011000 (
#1733
0#
#1734
1#
b11101000 '
b00011001 (
#1735
0#
#1736
1#
b11100110 '
b00011010 (
#1737
0#
#1738
1#
b11100101 '
b00011011 (
#1739
0#
#1740
1#
b11100011 '
b00011100 (
#1741
0#
#1742
1#
b11100001 '
b00011101 (
#1743
0#
#1744
1#
b11011111 '
b00011110 (
#1745
0#
#1746
1#
b11011101 '
b00011111 (
#1747
0#
#1748
1#
b11011010 '
b00100000 (
#1749
0#
#1750
1#
b11011000 '
b00100001 (
#1751
0#
#1752
1#
b11010110 '
b00100010 (
#1753
0#
#1754
1#
b11010100 '
b00100011 (
#1755
0#
#1756
1#
b11010001 '
b00100100 (
#1757
0#
#1758
1#
b11001111 '
b00100101 (
#1759
0#
#1760
1#
b11001101 '
b00100110 (
#1761
0#
#1762
1#
b11001010 '
b00100111 (
#1763
0#
#1764
1#
b11001000 '
b00101000 (
#1765
0#
#1766
1#
b11000101 '
b00101001 (
#1767
0#
#1768
1#
b11000010 '
b00101010 (
#1769
0#
#1770
1#
b11000000 '
b00101011 (
#1771
0#
#1772
1#
b10111101 '
b00101100 (
#1773
0#
#1774
1#
b10111010 '
b00101101 (
#1775
0#
#1776
1#
b10111000 '
b00101110 (
#1777
0#
#1778
1#
b10110101 '
b00101111 (
#1779
0#
#1780
1#
b10110010 '
b00110000 (
#1781
0#
#1782
1#
b10101111 '
b00110001 (
#1783
0#
#1784
1#
b10101100 '
b00110010 (
#1785
0#
#1786
1#
b10101001 '
b00110011 (
#1787
0#
#1788
1#
b10100110 '
b00110100 (
#1789
0#
#1790
1#
b10100011 '
b00110101 (
#1791
0#
#1792
1#
b10100000 '
b00110110 (
#1793
0#
#1794
1#
b10011101 '
b00110111 (
#1795
0#
#1796
1#
b10011010 '
b00111000 (
#1797
0#
#1798
1#
b10010111 '
b00111001 (
#1799
0#
#1800
1#
b10010100 '
b00111010 (
#1801
0#
#1802
1#
b10010001 '
b00111011 (
#1803
0#
#1804
1#
b10001110 '
b00111100 (
#1805
0#
#1806
1#
b10001011 '
b00111101 (
#1807
0#
#1808
1#
b10001000 '
b00111110 (
#1809
0#
#1810
1#
b10000101 '
b00111111 (
#1811
0#
#1812
1#
b10000010 '
b01000000 (
#1813
0#
#1814
1#
b01111110 '
b01000001 (
#1815
0#
#1816
1#
b01111011 '
b01000010 (
#1817
0#
#1818
1#
b01111000 '
b01000011 (
#1819
0#
#1820
1#
b01110101 '
b01000100 (
#1821
0#
#1822
1#
b01110010 '
b01000101 (
#1823
0#
#1824
1#
b01101111 '
b01000110 (
#1825
0#
#1826
1#
b01101100 '
b01000111 (
#1827
0#
#1828
1#
b01101001 '
b01001000 (
#1829
0#
#1830
1#
b01100110 '
b01001001 (
#1831
0#
#1832
1#
b01100011 '
b01001010 (
#1833
0#
#1834
1#
b01100000 '
b01001011 (
#1835
0#
#1836
1#
b01011101 '
b01001100 (
#1837
0#
#1838
1#
b01011010 '
b01001101 (
#1839
0#
#1840
1#
b01010111 '
b01001110 (
#1841
0#
#1842
1#
b01010100 '
b01001111 (
#1843
0#
#1844
1#
b01010001 '
b01010000 (
#1845
0#
#1846
1#
b01001110 '
b01010001 (
#1847
0#
#1848
1#
b01001011 '
b01010010 (
#1849
0#
#1850
1#
b01001000 '
b01010011 (
#1851
0#
#1852
1#
b01000101 '
b01010100 (
#1853
0#
#1854
1#
b01000011 '
b01010101 (
#1855
0#
#1856
1#
b01000000 '
b01010110 (
#1857
0#
#1858
1#
b00111101 '
b01010111 (
#1859
0#
#1860
1#
b00111011 '
b01011000 (
#1861
0#
#1862
1#
b00111000 '
b01011001 (
#1863
0#
#1864
1#
b00110101 '
b01011010 (
#1865
0#
#1866
1#
b00110011 '
b01011011 (
#1867
0#
#1868
1#
b00110000 '
b01011100 (
#1869
0#
#1870
1#
b00101110 '
b01011101 (
#1871
0#
#1872
1#
b00101100 '
b01011110 (
#1873
0#
#1874
1#
b00101001 '
b01011111 (
#1875
0#
#1876
1#
b00100111 '
b01100000 (
#1877
0#
#1878
1#
b00100101 '
b01100001 (
#1879
0#
#1880
1#
b00100011 '
b01100010 (
#1881
0#
#1882
1#
b00100000 '
b01100011 (
#1883
0#
#1884
1#
b00011110 '
b01100100 (
#1885
0#
#1886
1#
b00011100 '
b01100101 (
#1887
0#
#1888
1#
b00011010 '
b01100110 (
#1889
0#
#1890
1#
b00011000 '
b01100111 (
#1891
0#
#1892
1#
b00010111 '
b01101000 (
#1893
0#
#1894
1#
b00010101 '
b01101001 (
#1895
0#
#1896
1#
b00010011 '
b01101010 (
#1897
0#
#1898
1#
b00010010 '
b01101011 (
#1899
0#
#1900
1#
b00010000 '
b01101100 (
#1901
0#
#1902
1#
b00001110 '
b01101101 (
#1903
0#
#1904
1#
b00001101 '
b01101110 (
#1905
0#
#1906
1#
b00001100 '
b01101111 (
#1907
0#
#1908
1#
b00001010 '
b01110000 (
#1909
0#
#1910
1#
b00001001 '
b01110001 (
#1911
0#
#1912
1#
b00001000 '
b01110010 (
#1913
0#
#1914
1#
b00000111 '
b01110011 (
#1915
0#
#1916
1#
b00000110 '
b01110100 (
#1917
0#
#1918
1#
b00000101 '
b01110101 (
#1919
0#
#1920
1#
b00000100 '
b01110110 (
#1921
0#
#1922
1#
b00000011 '
b01110111 (
#1923
0#
#1924
1#
b01111000 (
#1925
0#
#1926
1#
b00000010 '
b01111001 (
#1927
0#
#1928
1#
b00000001 '
b01111010 (
#1929
0#
#1930
1#
b01111011 (
#1931
0#
#1932
1#
b00000000 '
b01111100 (
#1933
0#
#1934
1#
b01111101 (
#1935
0#
#1936
1#
b01111110 (
#1937
0#
#1938
1#
b01111111 (
#1939
0#
#1940
1#
b10000000 (
#1941
0#
#1942
1#
b10000001 (
#1943
0#
#1944
1#
b10000010 (
#1945
0#
#1946
1#
b10000011 (
#1947
0#
#1948
1#
b10000100 (
#1949
0#
#1950
1#
b10000101 (
#1951
0#
#1952
1#
b10000110 (
#1953
0#
#1954
1#
b00000001 '
b10000111 (
#1955
0#
#1956
1#
b10001000 (
#1957
0#
#1958
1#
b00000010 '
b10001001 (
#1959
0#
#1960
1#
b00000011 '
b10001010 (
#1961
0#
#1962
1#
b10001011 (
#1963
0#
#1964
1#
b00000100 '
b10001100 (
#1965
0#
#1966
1#
b00000101 '
b10001101 (
#1967
0#
#1968
1#
b00000110 '
b10001110 (
#1969
0#
#1970
1#
b00000111 '
b10001111 (
#1971
0#
#1972
1#
b00001000 '
b10010000 (
#1973
0#
#1974
1#
b00001001 '
b10010001 (
#1975
0#
#1976
1#
b00001010 '
b10010010 (
#1977
0#
#1978
1#
b00001100 '
b10010011 (
#1979
0#
#1980
1#
b00001101 '
b10010100 (
#1981
0#
#1982
1#
b00001110 '
b10010101 (
#1983
0#
#1984
1#
b00010000 '
b10010110 (
#1985
0#
#1986
1#
b00010010 '
b10010111 (
#1987
0#
#1988
1#
b00010011 '
b10011000 (
#1989
0#
#1990
1#
b00010101 '
b10011001 (
#1991
0#
#1992
1#
b00010111 '
b10011010 (
#1993
0#
#1994
1#
b00011000 '
b10011011 (
#1995
0#
#1996
1#
b00011010 '
b10011100 (
#1997
0#
#1998
1#
b00011100 '
b10011101 (
#1999
0#
#2000
1#
b00011110 '
b10011110 (
#2001
0#
#2002
1#
b00100000 '
b10011111 (
#2003
0#
#2004
1#
b00100011 '
b10100000 (
#2005
0#
#2006
1#
b00100101 '
b10100001 (
#2007
0#
#2008
1#
b00100111 '
b10100010 (
#2009
0#
#2010
1#
b00101001 '
b10100011 (
#2011
0#
#2012
1#
b00101100 '
b10100100 (
#2013
0#
#2014
1#
b00101110 '
b10100101 (
#2015
0#
#2016
1#
b00110000 '
b10100110 (
#2017
0#
#2018
1#
b00110011 '
b10100111 (
#2019
0#
#2020
1#
b00110101 '
b10101000 (
#2021
0#
#2022
1#
b00111000 '
b10101001 (
#2023
0#
#2024
1#
b00111011 '
b10101010 (
#2025
0#
#2026
1#
b00111101 '
b10101011 (
#2027
0#
#2028
1#
b01000000 '
b10101100 (
#2029
0#
#2030
1#
b01000011 '
b10101101 (
#2031
0#
#2032
1#
b01000101 '
b10101110 (
#2033
0#
#2034
1#
b01001000 '
b10101111 (
#2035
0#
#2036
1#
b01001011 '
b10110000 (
#2037
0#
#2038
1#
b01001110 '
b10110001 (
#2039
0#
#2040
1#
b01010001 '
b10110010 (
#2041
0#
#2042
1#
b01010100 '
b10110011 (
#2043
0#
#2044
1#
b01010111 '
b10110100 (
#2045
0#
#2046
1#
b01011010 '
b10110101 (
#2047
0#
#2048
1#
b01011101 '
b10110110 (
#2049
0#
#2050
1#
b01100000 '
b10110111 (
#2051
0#
#2052
1#
b01100011 '
b10111000 (
#2053
0#
#2054
1#
b01100110 '
b10111001 (
#2055
0#
#2056
1#
b01101001 '
b10111010 (
#2057
0#
#2058
1#
b01101100 '
b10111011 (
#2059
0#
#2060
1#
b01101111 '
b10111100 (
#2061
0#
#2062
1#
b01110010 '
b10111101 (
#2063
0#
#2064
1#
b01110101 '
b10111110 (
#2065
0#
#2066
1#
b01111000 '
b10111111 (
#2067
0#
#2068
1#
b01111011 '
b11000000 (
#2069
0#
#2070
1#
b01111111 '
b11000001 (
#2071
0#
#2072
1#
b10000010 '
b11000010 (
#2073
0#
#2074
1#
b10000101 '
b11000011 (
#2075
0#
#2076
1#
b10001000 '
b11000100 (
#2077
0#
#2078
1#
b10001011 '
b11000101 (
#2079
0#
#2080
1#
b10001110 '
b11000110 (
#2081
0#
#2082
1#
b10010001 '
b11000111 (
#2083
0#
#2084
1#
b10010100 '
b11001000 (
#2085
0#
#2086
1#
b10010111 '
b11001001 (
#2087
0#
#2088
1#
b10011010 '
b11001010 (
#2089
0#
#2090
1#
b10011101 '
b11001011 (
#2091
0#
#2092
1#
b10100000 '
b11001100 (
#2093
0#
#2094
1#
b10100011 '
b11001101 (
#2095
0#
#2096
1#
b10100110 '
b11001110 (
#2097
0#
#2098
1#
b10101001 '
b11001111 (
#2099
0#
#2100
1#
b10101100 '
b11010000 (
#2101
0#
#2102
1#
b10101111 '
b11010001 (
#2103
0#
#2104
1#
b10110010 '
b11010010 (
#2105
0#
#2106
1#
b10110101 '
b11010011 (
#2107
0#
#2108
1#
b10111000 '
b11010100 (
#2109
0#
#2110
1#
b10111010 '
b11010101 (
#2111
0#
#2112
1#
b10111101 '
b11010110 (
#2113
0#
#2114
1#
b11000000 '
b11010111 (
#2115
0#
#2116
1#
b11000010 '
b11011000 (
#2117
0#
#2118
1#
b11000101 '
b11011001 (
#2119
0#
#2120
1#
b11001000 '
b11011010 (
#2121
0#
#2122
1#
b11001010 '
b11011011 (
#2123
0#
#2124
1#
b11001101 '
b11011100 (
#2125
0#
#2126
1#
b11001111 '
b11011101 (
#2127
0#
#2128
1#
b11010001 '
b11011110 (
#2129
0#
#2130
1#
b11010100 '
b11011111 (
#2131
0#
#2132
1#
b11010110 '
b11100000 (
#2133
0#
#2134
1#
b11011000 '
b11100001 (
#2135
0#
#2136
1#
b11011010 '
b11100010 (
#2137
0#
#2138
1#
b11011101 '
b11100011 (
#2139
0#
#2140
1#
b11011111 '
b11100100 (
#2141
0#
#2142
1#
b11100001 '
b11100101 (
#2143
0#
#2144
1#
b11100011 '
b11100110 (
#2145
0#
#2146
1#
b11100101 '
b11100111 (
#2147
0#
#2148
1#
b11100110 '
b11101000 (
#2149
0#
#2150
1#
b11101000 '
b11101001 (
#2151
0#
#2152
1#
b11101010 '
b11101010 (
#2153
0#
#2154
1#
b11101011 '
b11101011 (
#2155
0#
#2156
1#
b11101101 '
b11101100 (
#2157
0#
#2158
1#
b11101111 '
b11101101 (
#2159
0#
#2160
1#
b11110000 '
b11101110 (
#2161
0#
#2162
1#
b11110001 '
b11101111 (
#2163
0#
#2164
1#
b11110011 '
b11110000 (
#2165
0#
#2166
1#
b11110100 '
b11110001 (
#2167
0#
#2168
1#
b11110101 '
b11110010 (
#2169
0#
#2170
1#
b11110110 '
b11110011 (
#2171
0#
#2172
1#
b11110111 '
b11110100 (
#2173
0#
#2174
1#
b11111000 '
b11110101 (
#2175
0#
#2176
1#
b11111001 '
b11110110 (
#2177
0#
#2178
1#
b11111010 '
b11110111 (
#2179
0#
#2180
1#
b11111000 (
#2181
0#
#2182
1#
b11111011 '
b11111001 (
#2183
0#
#2184
1#
b11111100 '
b11111010 (
#2185
0#
#2186
1#
b11111011 (
#2187
0#
#2188
1#
b11111101 '
b11111100 (
#2189
0#
#2190
1#
b11111101 (
#2191
0#
#2192
1#
b11111110 (
#2193
0#
#2194
1#
b11111111 (
#2195
0#
#2196
1#
b00000000 (
#2197
0#
#2198
1#
b11111110 '
b00000001 (
#2199
0#
#2200
1#
b11111101 '
b00000010 (
#2201
0#
#2202
1#
b00000011 (
#2203
0#
#2204
1#
b00000100 (
#2205
0#
#2206
1#
b00000101 (
#2207
0#
#2208
1#
b00000110 (
#2209
0#
#2210
1#
b11111100 '
b00000111 (
#2211
0#
#2212
1#
b00001000 (
#2213
0#
#2214
1#
b11111011 '
b00001001 (
#2215
0#
#2216
1#
b11111010 '
b00001010 (
#2217
0#
#2218
1#
b00001011 (
#2219
0#
#2220
1#
b11111001 '
b00001100 (
#2221
0#
#2222
1#
b11111000 '
b00001101 (
#2223
0#
#2224
1#
b11110111 '
b00001110 (
#2225
0#
#2226
1#
b11110110 '
b00001111 (
#2227
0#
#2228
1#
b11110101 '
b00010000 (
#2229
0#
#2230
1#
b11110100 '
b00010001 (
#2231
0#
#2232
1#
b11110011 '
b00010010 (
#2233
0#
#2234
1#
b11110001 '
b00010011 (
#2235
0#
#2236
1#
b11110000 '
b00010100 (
#2237
0#
#2238
1#
b11101111 '
b00010101 (
#2239
0#
#2240
1#
b11101101 '
b00010110 (
#2241
0#
#2242
1#
b11101011 '
b00010111 (
#2243
0#
#2244
1#
b11101010 '
b00011000 (
#2245
0#
#2246
1#
b11101000 '
b00011001 (
#2247
0#
#2248
1#
b11100110 '
b00011010 (
#2249
0#
#2250
1#
b11100101 '
b00011011 (
#2251
0#
#2252
1#
b11100011 '
b00011100 (
#2253
0#
#2254
1#
b11100001 '
b00011101 (
#2255
0#
#2256
1#
b11011111 '
b00011110 (
#2257
0#
#2258
1#
b11011101 '
b00011111 (
#2259
0#
#2260
1#
b11011010 '
b00100000 (
#2261
0#
#2262
1#
b11011000 '
b00100001 (
#2263
0#
#2264
1#
b11010110 '
b00100010 (
#2265
0#
#2266
1#
b11010100 '
b00100011 (
#2267
0#
#2268
1#
b11010001 '
b00100100 (
#2269
0#
#2270
1#
b11001111 '
b00100101 (
#2271
0#
#2272
1#
b11001101 '
b00100110 (
#2273
0#
#2274
1#
b11001010 '
b00100111 (
#2275
0#
#2276
1#
b11001000 '
b00101000 (
#2277
0#
#2278
1#
b11000101 '
b00101001 (
#2279
0#
#2280
1#
b11000010 '
b00101010 (
#2281
0#
#2282
1#
b11000000 '
b00101011 (
#2283
0#
#2284
1#
b10111101 '
b00101100 (
#2285
0#
#2286
1#
b10111010 '
b00101101 (
#2287
0#
#2288
1#
b10111000 '
b00101110 (
#2289
0#
#2290
1#
b10110101 '
b00101111 (
#2291
0#
#2292
1#
b10110010 '
b00110000 (
#2293
0#
#2294
1#
b10101111 '
b00110001 (
#2295
0#
#2296
1#
b10101100 '
b00110010 (
#2297
0#
#2298
1#
b10101001 '
b00110011 (
#2299
0#
#2300
1#
b10100110 '
b00110100 (
#2301
0#
#2302
1#
b10100011 '
b00110101 (
#2303
0#
#2304
1#
b10100000 '
b00110110 (
#2305
0#
#2306
1#
b10011101 '
b00110111 (
#2307
0#
#2308
1#
b10011010 '
b00111000 (
#2309
0#
#2310
1#
b10010111 '
b00111001 (
#2311
0#
#2312
1#
b10010100 '
b00111010 (
#2313
0#
#2314
1#
b10010001 '
b00111011 (
#2315
0#
#2316
1#
b10001110 '
b00111100 (
#2317
0#
#2318
1#
b10001011 '
b00111101 (
#2319
0#
#2320
1#
b10001000 '
b00111110 (
#2321
0#
#2322
1#
b10000101 '
b00111111 (
#2323
0#
#2324
1#
b10000010 '
b01000000 (
#2325
0#
#2326
1#
b01111110 '
b01000001 (
#2327
0#
#2328
1#
b01111011 '
b01000010 (
#2329
0#
#2330
1#
b01111000 '
b01000011 (
#2331
0#
#2332
1#
b01110101 '
b01000100 (
#2333
0#
#2334
1#
b01110010 '
b01000101 (
#2335
0#
#2336
1#
b01101111 '
b01000110 (
#2337
0#
#2338
1#
b01101100 '
b01000111 (
#2339
0#
#2340
1#
b01101001 '
b01001000 (
#2341
0#
#2342
1#
b01100110 '
b01001001 (
#2343
0#
#2344
1#
b01100011 '
b01001010 (
#2345
0#
#2346
1#
b01100000 '
b01001011 (
#2347
0#
#2348
1#
b01011101 '
b01001100 (
#2349
0#
#2350
1#
b01011010 '
b01001101 (
#2351
0#
#2352
1#
b01010111 '
b01001110 (
#2353
0#
#2354
1#
b01010100 '
b01001111 (
#2355
0#
#2356
1#
b01010001 '
b01010000 (
#2357
0#
#2358
1#
b01001110 '
b01010001 (
#2359
0#
#2360
1#
b01001011 '
b01010010 (
#2361
0#
#2362
1#
b01001000 '
b01010011 (
#2363
0#
#2364
1#
b01000101 '
b01010100 (
#2365
0#
#2366
1#
b01000011 '
b01010101 (
#2367
0#
#2368
1#
b01000000 '
b01010110 (
#2369
0#
#2370
1#
b00111101 '
b01010111 (
#2371
0#
#2372
1#
b00111011 '
b01011000 (
#2373
0#
#2374
1#
b00111000 '
b01011001 (
#2375
0#
#2376
1#
b00110101 '
b01011010 (
#2377
0#
#2378
1#
b00110011 '
b01011011 (
#2379
0#
#2380
1#
b00110000 '
b01011100 (
#2381
0#
#2382
1#
b00101110 '
b01011101 (
#2383
0#
#2384
1#
b00101100 '
b01011110 (
#2385
0#
#2386
1#
b00101001 '
b01011111 (
#2387
0#
#2388
1#
b00100111 '
b01100000 (
#2389
0#
#2390
1#
b00100101 '
b01100001 (
#2391
0#
#2392
1#
b00100011 '
b01100010 (
#2393
0#
#2394
1#
b00100000 '
b01100011 (
#2395
0#
#2396
1#
b00011110 '
b01100100 (
#2397
0#
#2398
1#
b00011100 '
b01100101 (
#2399
0#
#2400
1#
b00011010 '
b01100110 (
#2401
0#
#2402
1#
b00011000 '
b01100111 (
#2403
0#
#2404
1#
b00010111 '
b01101000 (
#2405
0#
#2406
1#
b00010101 '
b01101001 (
#2407
0#
#2408
1#
b00010011 '
b01101010 (
#2409
0#
#2410
1#
b00010010 '
b01101011 (
#2411
0#
#2412
1#
b00010000 '
b01101100 (
#2413
0#
#2414
1#
b00001110 '
b01101101 (
#2415
0#
#2416
1#
b00001101 '
b01101110 (
#2417
0#
#2418
1#
b00001100 '
b01101111 (
#2419
0#
#2420
1#
b00001010 '
b01110000 (
#2421
0#
#2422
1#
b00001001 '
b01110001 (
#2423
0#
#2424
1#
b00001000 '
b01110010 (
#2425
0#
#2426
1#
b00000111 '
b01110011 (
#2427
0#
#2428
1#
b00000110 '
b01110100 (
#2429
0#
#2430
1#
b00000101 '
b01110101 (
#2431
0#
#2432
1#
b00000100 '
b01110110 (
#2433
0#
#2434
1#
b00000011 '
b01110111 (
#2435
0#
#2436
1#
b01111000 (
#2437
0#
#2438
1#
b00000010 '
b01111001 (
#2439
0#
#2440
1#
b00000001 '
b01111010 (
#2441
0#
#2442
1#
b01111011 (
#2443
0#
#2444
1#
b00000000 '
b01111100 (
#2445
0#
#2446
1#
b01111101 (
#2447
0#
#2448
1#
b01111110 (
#2449
0#
#2450
1#
b01111111 (
#2451
0#
#2452
1#
b10000000 (
#2453
0#
#2454
1#
b10000001 (
#2455
0#
#2456
1#
b10000010 (
#2457
0#
#2458
1#
b10000011 (
#2459
0#
#2460
1#
b10000100 (
#2461
0#
#2462
1#
b10000101 (
#2463
0#
#2464
1#
b10000110 (
#2465
0#
#2466
1#
b00000001 '
b10000111 (
#2467
0#
#2468
1#
b10001000 (
#2469
0#
#2470
1#
b00000010 '
b10001001 (
#2471
0#
#2472
1#
b00000011 '
b10001010 (
#2473
0#
#2474
1#
b10001011 (
#2475
0#
#2476
1#
b00000100 '
b10001100 (
#2477
0#
#2478
1#
b00000101 '
b10001101 (
#2479
0#
#2480
1#
b00000110 '
b10001110 (
#2481
0#
#2482
1#
b00000111 '
b10001111 (
#2483
0#
#2484
1#
b00001000 '
b10010000 (
#2485
0#
#2486
1#
b00001001 '
b10010001 (
#2487
0#
#2488
1#
b00001010 '
b10010010 (
#2489
0#
#2490
1#
b00001100 '
b10010011 (
#2491
0#
#2492
1#
b00001101 '
b10010100 (
#2493
0#
#2494
1#
b00001110 '
b10010101 (
#2495
0#
#2496
1#
b00010000 '
b10010110 (
#2497
0#
#2498
1#
b00010010 '
b10010111 (
#2499
0#
#2500
1#
b00010011 '
b10011000 (
#2501
0#
#2502
1#
b00010101 '
b10011001 (
#2503
0#
#2504
1#
b00010111 '
b10011010 (
#2505
0#
#2506
1#
b00011000 '
b10011011 (
#2507
0#
#2508
1#
b00011010 '
b10011100 (
#2509
0#
#2510
1#
b00011100 '
b10011101 (
#2511
0#
#2512
1#
b00011110 '
b10011110 (
#2513
0#
#2514
1#
b00100000 '
b10011111 (
#2515
0#
#2516
1#
b00100011 '
b10100000 (
#2517
0#
#2518
1#
b00100101 '
b10100001 (
#2519
0#
#2520
1#
b00100111 '
b10100010 (
#2521
0#
#2522
1#
b00101001 '
b10100011 (
#2523
0#
#2524
1#
b00101100 '
b10100100 (
#2525
0#
#2526
1#
b00101110 '
b10100101 (
#2527
0#
#2528
1#
b00110000 '
b10100110 (
#2529
0#
#2530
1#
b00110011 '
b10100111 (
#2531
0#
#2532
1#
b00110101 '
b10101000 (
#2533
0#
#2534
1#
b00111000 '
b10101001 (
#2535
0#
#2536
1#
b00111011 '
b10101010 (
#2537
0#
#2538
1#
b00111101 '
b10101011 (
#2539
0#
#2540
1#
b01000000 '
b10101100 (
#2541
0#
#2542
1#
b01000011 '
b10101101 (
#2543
0#
#2544
1#
b01000101 '
b10101110 (
#2545
0#
#2546
1#
b01001000 '
b10101111 (
#2547
0#
#2548
1#
b01001011 '
b10110000 (
#2549
0#
#2550
1#
b01001110 '
b10110001 (
#2551
0#
#2552
1#
b01010001 '
b10110010 (
#2553
0#
#2554
1#
b01010100 '
b10110011 (
#2555
0#
#2556
1#
b01010111 '
b10110100 (
#2557
0#
#2558
1#
b01011010 '
b10110101 (
#2559
0#
#2560
1#
b01011101 '
b10110110 (
#2561
0#
#2562
1#
b01100000 '
b10110111 (
#2563
0#
#2564
1#
b01100011 '
b10111000 (
#2565
0#
#2566
1#
b01100110 '
b10111001 (
#2567
0#
#2568
1#
b01101001 '
b10111010 (
#2569
0#
#2570
1#
b01101100 '
b10111011 (
#2571
0#
#2572
1#
b01101111 '
b10111100 (
#2573
0#
#2574
1#
b01110010 '
b10111101 (
#2575
0#
#2576
1#
b01110101 '
b10111110 (
#2577
0#
#2578
1#
b01111000 '
b10111111 (
#2579
0#
#2580
1#
b01111011 '
b11000000 (
#2581
0#
#2582
1#
b01111111 '
b11000001 (
#2583
0#
#2584
1#
b10000010 '
b11000010 (
#2585
0#
#2586
1#
b10000101 '
b11000011 (
#2587
0#
#2588
1#
b10001000 '
b11000100 (
#2589
0#
#2590
1#
b10001011 '
b11000101 (
#2591
0#
#2592
1#
b10001110 '
b11000110 (
#2593
0#
#2594
1#
b10010001 '
b11000111 (
#2595
0#
#2596
1#
b10010100 '
b11001000 (
#2597
0#
#2598
1#
b10010111 '
b11001001 (
#2599
0#
#2600
1#
b10011010 '
b11001010 (
#2601
0#
#2602
1#
b10011101 '
b11001011 (
#2603
0#
#2604
1#
b10100000 '
b11001100 (
#2605
0#
#2606
1#
b10100011 '
b11001101 (
#2607
0#
#2608
1#
b10100110 '
b11001110 (
#2609
0#
#2610
1#
b10101001 '
b11001111 (
#2611
0#
#2612
1#
b10101100 '
b11010000 (
#2613
0#
#2614
1#
b10101111 '
b11010001 (
#2615
0#
#2616
1#
b10110010 '
b11010010 (
#2617
0#
#2618
1#
b10110101 '
b11010011 (
#2619
0#
#2620
1#
b10111000 '
b11010100 (
#2621
0#
#2622
1#
b10111010 '
b11010101 (
#2623
0#
#2624
1#
b10111101 '
b11010110 (
#2625
0#
#2626
1#
b11000000 '
b11010111 (
#2627
0#
#2628
1#
b11000010 '
b11011000 (
#2629
0#
#2630
1#
b11000101 '
b11011001 (
#2631
0#
#2632
1#
b11001000 '
b11011010 (
#2633
0#
#2634
1#
b11001010 '
b11011011 (
#2635
0#
#2636
1#
b11001101 '
b11011100 (
#2637
0#
#2638
1#
b11001111 '
b11011101 (
#2639
0#
#2640
1#
b11010001 '
b11011110 (
#2641
0#
#2642
1#
b11010100 '
b11011111 (
#2643
0#
#2644
1#
b11010110 '
b11100000 (
#2645
0#
#2646
1#
b11011000 '
b11100001 (
#2647
0#
#2648
1#
b11011010 '
b11100010 (
#2649
0#
#2650
1#
b11011101 '
b11100011 (
#2651
0#
#2652
1#
b11011111 '
b11100100 (
#2653
0#
#2654
1#
b11100001 '
b11100101 (
#2655
0#
#2656
1#
b11100011 '
b11100110 (
#2657
0#
#2658
1#
b11100101 '
b11100111 (
#2659
0#
#2660
1#
b11100110 '
b11101000 (
#2661
0#
#2662
1#
b11101000 '
b11101001 (
#2663
0#
#2664
1#
b11101010 '
b11101010 (
#2665
0#
#2666
1#
b11101011 '
b11101011 (
#2667
0#
#2668
1#
b11101101 '
b11101100 (
#2669
0#
#2670
1#
b11101111 '
b11101101 (
#2671
0#
#2672
1#
b11110000 '
b11101110 (
#2673
0#
#2674
1#
b11110001 '
b11101111 (
#2675
0#
#2676
1#
b11110011 '
b11110000 (
#2677
0#
#2678
1#
b11110100 '
b11110001 (
#2679
0#
#2680
1#
b11110101 '
b11110010 (
#2681
0#
#2682
1#
b11110110 '
b11110011 (
#2683
0#
#2684
1#
b11110111 '
b11110100 (
#2685
0#
#2686
1#
b11111000 '
b11110101 (
#2687
0#
#2688
1#
b11111001 '
b11110110 (
#2689
0#
#2690
1#
b11111010 '
b11110111 (
#2691
0#
#2692
1#
b11111000 (
#2693
0#
#2694
1#
b11111011 '
b11111001 (
#2695
0#
#2696
1#
b11111100 '
b11111010 (
#2697
0#
#2698
1#
b11111011 (
#2699
0#
#2700
1#
b11111101 '
b11111100 (
#2701
0#
#2702
1#
b11111101 (
#2703
0#
#2704
1#
b11111110 (
#2705
0#
#2706
1#
b11111111 (
#2707
0#
#2708
1#
b00000000 (
#2709
0#
#2710
1#
b11111110 '
b00000001 (
#2711
0#
#2712
1#
b11111101 '
b00000010 (
#2713
0#
#2714
1#
b00000011 (
#2715
0#
#2716
1#
b00000100 (
#2717
0#
#2718
1#
b00000101 (
#2719
0#
#2720
1#
b00000110 (
#2721
0#
#2722
1#
b11111100 '
b00000111 (
#2723
0#
#2724
1#
b00001000 (
#2725
0#
#2726
1#
b11111011 '
b00001001 (
#2727
0#
#2728
1#
b11111010 '
b00001010 (
#2729
0#
#2730
1#
b00001011 (
#2731
0#
#2732
1#
b11111001 '
b00001100 (
#2733
0#
#2734
1#
b11111000 '
b00001101 (
#2735
0#
#2736
1#
b11110111 '
b00001110 (
#2737
0#
#2738
1#
b11110110 '
b00001111 (
#2739
0#
#2740
1#
b11110101 '
b00010000 (
#2741
0#
#2742
1#
b11110100 '
b00010001 (
#2743
0#
#2744
1#
b11110011 '
b00010010 (
#2745
0#
#2746
1#
b11110001 '
b00010011 (
#2747
0#
#2748
1#
b11110000 '
b00010100 (
#2749
0#
#2750
1#
b11101111 '
b00010101 (
#2751
0#
#2752
1#
b11101101 '
b00010110 (
#2753
0#
#2754
1#
b11101011 '
b00010111 (
#2755
0#
#2756
1#
b11101010 '
b00011000 (
#2757
0#
#2758
1#
b11101000 '
b00011001 (
#2759
0#
#2760
1#
b11100110 '
b00011010 (
#2761
0#
#2762
1#
b11100101 '
b00011011 (
#2763
0#
#2764
1#
b11100011 '
b00011100 (
#2765
0#
#2766
1#
b11100001 '
b00011101 (
#2767
0#
#2768
1#
b11011111 '
b00011110 (
#2769
0#
#2770
1#
b11011101 '
b00011111 (
#2771
0#
#2772
1#
b11011010 '
b00100000 (
#2773
0#
#2774
1#
b11011000 '
b00100001 (
#2775
0#
#2776
1#
b11010110 '
b00100010 (
#2777
0#
#2778
1#
b11010100 '
b00100011 (
#2779
0#
#2780
1#
b11010001 '
b00100100 (
#2781
0#
#2782
1#
b11001111 '
b00100101 (
#2783
0#
#2784
1#
b11001101 '
b00100110 (
#2785
0#
#2786
1#
b11001010 '
b00100111 (
#2787
0#
#2788
1#
b11001000 '
b00101000 (
#2789
0#
#2790
1#
b11000101 '
b00101001 (
#2791
0#
#2792
1#
b11000010 '
b00101010 (
#2793
0#
#2794
1#
b11000000 '
b00101011 (
#2795
0#
#2796
1#
b10111101 '
b00101100 (
#2797
0#
#2798
1#
b10111010 '
b00101101 (
#2799
0#
#2800
1#
b10111000 '
b00101110 (
#2801
0#
#2802
1#
b10110101 '
b00101111 (
#2803
0#
#2804
1#
b10110010 '
b00110000 (
#2805
0#
#2806
1#
b10101111 '
b00110001 (
#2807
0#
#2808
1#
b10101100 '
b00110010 (
#2809
0#
#2810
1#
b10101001 '
b00110011 (
#2811
0#
#2812
1#
b10100110 '
b00110100 (
#2813
0#
#2814
1#
b10100011 '
b00110101 (
#2815
0#
#2816
1#
b10100000 '
b00110110 (
#2817
0#
#2818
1#
b10011101 '
b00110111 (
#2819
0#
#2820
1#
b10011010 '
b00111000 (
#2821
0#
#2822
1#
b10010111 '
b00111001 (
#2823
0#
#2824
1#
b10010100 '
b00111010 (
#2825
0#
#2826
1#
b10010001 '
b00111011 (
#2827
0#
#2828
1#
b10001110 '
b00111100 (
#2829
0#
#2830
1#
b10001011 '
b00111101 (
#2831
0#
#2832
1#
b10001000 '
b00111110 (
#2833
0#
#2834
1#
b10000101 '
b00111111 (
#2835
0#
#2836
1#
b10000010 '
b01000000 (
#2837
0#
#2838
1#
b01111110 '
b01000001 (
#2839
0#
#2840
1#
b01111011 '
b01000010 (
#2841
0#
#2842
1#
b01111000 '
b01000011 (
#2843
0#
#2844
1#
b01110101 '
b01000100 (
#2845
0#
#2846
1#
b01110010 '
b01000101 (
#2847
0#
#2848
1#
b01101111 '
b01000110 (
#2849
0#
#2850
1#
b01101100 '
b01000111 (
#2851
0#
#2852
1#
b01101001 '
b01001000 (
#2853
0#
#2854
1#
b01100110 '
b01001001 (
#2855
0#
#2856
1#
b01100011 '
b01001010 (
#2857
0#
#2858
1#
b01100000 '
b01001011 (
#2859
0#
#2860
1#
b01011101 '
b01001100 (
#2861
0#
#2862
1#
b01011010 '
b01001101 (
#2863
0#
#2864
1#
b01010111 '
b01001110 (
#2865
0#
#2866
1#
b01010100 '
b01001111 (
#2867
0#
#2868
1#
b01010001 '
b01010000 (
#2869
0#
#2870
1#
b01001110 '
b01010001 (
#2871
0#
#2872
1#
b01001011 '
b01010010 (
#2873
0#
#2874
1#
b01001000 '
b01010011 (
#2875
0#
#2876
1#
b01000101 '
b01010100 (
#2877
0#
#2878
1#
b01000011 '
b01010101 (
#2879
0#
#2880
1#
b01000000 '
b01010110 (
#2881
0#
#2882
1#
b00111101 '
b01010111 (
#2883
0#
#2884
1#
b00111011 '
b01011000 (
#2885
0#
#2886
1#
b00111000 '
b01011001 (
#2887
0#
#2888
1#
b00110101 '
b01011010 (
#2889
0#
#2890
1#
b00110011 '
b01011011 (
#2891
0#
#2892
1#
b00110000 '
b01011100 (
#2893
0#
#2894
1#
b00101110 '
b01011101 (
#2895
0#
#2896
1#
b00101100 '
b01011110 (
#2897
0#
#2898
1#
b00101001 '
b01011111 (
#2899
0#
#2900
1#
b00100111 '
b01100000 (
#2901
0#
#2902
1#
b00100101 '
b01100001 (
#2903
0#
#2904
1#
b00100011 '
b01100010 (
#2905
0#
#2906
1#
b00100000 '
b01100011 (
#2907
0#
#2908
1#
b00011110 '
b01100100 (
#2909
0#
#2910
1#
b00011100 '
b01100101 (
#2911
0#
#2912
1#
b00011010 '
b01100110 (
#2913
0#
#2914
1#
b00011000 '
b01100111 (
#2915
0#
#2916
1#
b00010111 '
b01101000 (
#2917
0#
#2918
1#
b00010101 '
b01101001 (
#2919
0#
#2920
1#
b00010011 '
b01101010 (
#2921
0#
#2922
1#
b00010010 '
b01101011 (
#2923
0#
#2924
1#
b00010000 '
b01101100 (
#2925
0#
#2926
1#
b00001110 '
b01101101 (
#2927
0#
#2928
1#
b00001101 '
b01101110 (
#2929
0#
#2930
1#
b00001100 '
b01101111 (
#2931
0#
#2932
1#
b00001010 '
b01110000 (
#2933
0#
#2934
1#
b00001001 '
b01110001 (
#2935
0#
#2936
1#
b00001000 '
b01110010 (
#2937
0#
#2938
1#
b00000111 '
b01110011 (
#2939
0#
#2940
1#
b00000110 '
b01110100 (
#2941
0#
#2942
1#
b00000101 '
b01110101 (
#2943
0#
#2944
1#
b00000100 '
b01110110 (
#2945
0#
#2946
1#
b00000011 '
b01110111 (
#2947
0#
#2948
1#
b01111000 (
#2949
0#
#2950
1#
b00000010 '
b01111001 (
#2951
0#
#2952
1#
b00000001 '
b01111010 (
#2953
0#
#2954
1#
b01111011 (
#2955
0#
#2956
1#
b00000000 '
b01111100 (
#2957
0#
#2958
1#
b01111101 (
#2959
0#
#2960
1#
b01111110 (
#2961
0#
#2962
1#
b01111111 (
#2963
0#
#2964
1#
b10000000 (
#2965
0#
#2966
1#
b10000001 (
#2967
0#
#2968
1#
b10000010 (
#2969
0#
#2970
1#
b10000011 (
#2971
0#
#2972
1#
b10000100 (
#2973
0#
#2974
1#
b10000101 (
#2975
0#
#2976
1#
b10000110 (
#2977
0#
#2978
1#
b00000001 '
b10000111 (
#2979
0#
#2980
1#
b10001000 (
#2981
0#
#2982
1#
b00000010 '
b10001001 (
#2983
0#
#2984
1#
b00000011 '
b10001010 (
#2985
0#
#2986
1#
b10001011 (
#2987
0#
#2988
1#
b00000100 '
b10001100 (
#2989
0#
#2990
1#
b00000101 '
b10001101 (
#2991
0#
#2992
1#
b00000110 '
b10001110 (
#2993
0#
#2994
1#
b00000111 '
b10001111 (
#2995
0#
#2996
1#
b00001000 '
b10010000 (
#2997
0#
#2998
1#
b00001001 '
b10010001 (
#2999
0#
#3000
1#
b00001010 '
b10010010 (
#3001
0#
#3002
1#
b00001100 '
b10010011 (
#3003
0#
#3004
1#
b00001101 '
b10010100 (
#3005
0#
#3006
1#
b00001110 '
b10010101 (
#3007
0#
#3008
1#
b00010000 '
b10010110 (
#3009
0#
#3010
1#
b00010010 '
b10010111 (
#3011
0#
#3012
1#
b00010011 '
b10011000 (
#3013
0#
#3014
1#
b00010101 '
b10011001 (
#3015
0#
#3016
1#
b00010111 '
b10011010 (
#3017
0#
#3018
1#
b00011000 '
b10011011 (
#3019
0#
#3020
1#
b00011010 '
b10011100 (
#3021
0#
#3022
1#
b00011100 '
b10011101 (
#3023
0#
#3024
1#
b00011110 '
b10011110 (
#3025
0#
#3026
1#
b00100000 '
b10011111 (
#3027
0#
#3028
1#
b00100011 '
b10100000 (
#3029
0#
#3030
1#
b00100101 '
b10100001 (
#3031
0#
#3032
1#
b00100111 '
b10100010 (
#3033
0#
#3034
1#
b00101001 '
b10100011 (
#3035
0#
#3036
1#
b00101100 '
b10100100 (
#3037
0#
#3038
1#
b00101110 '
b10100101 (
#3039
0#
#3040
1#
b00110000 '
b10100110 (
#3041
0#
#3042
1#
b00110011 '
b10100111 (
#3043
0#
#3044
1#
b00110101 '
b10101000 (
#3045
0#
#3046
1#
b00111000 '
b10101001 (
#3047
0#
#3048
1#
b00111011 '
b10101010 (
#3049
0#
#3050
1#
b00111101 '
b10101011 (
#3051
0#
#3052
1#
b01000000 '
b10101100 (
#3053
0#
#3054
1#
b01000011 '
b10101101 (
#3055
0#
#3056
1#
b01000101 '
b10101110 (
#3057
0#
#3058
1#
b01001000 '
b10101111 (
#3059
0#
#3060
1#
b01001011 '
b10110000 (
#3061
0#
#3062
1#
b01001110 '
b10110001 (
#3063
0#
#3064
1#
b01010001 '
b10110010 (
#3065
0#
#3066
1#
b01010100 '
b10110011 (
#3067
0#
#3068
1#
b01010111 '
b10110100 (
#3069
0#
#3070
1#
b01011010 '
b10110101 (
#3071
0#
#3072
1#
b01011101 '
b10110110 (
#3073
0#
#3074
1#
b01100000 '
b10110111 (
#3075
0#
#3076
1#
b01100011 '
b10111000 (
#3077
0#
#3078
1#
b01100110 '
b10111001 (
#3079
0#
#3080
1#
b01101001 '
b10111010 (
#3081
0#
#3082
1#
b01101100 '
b10111011 (
#3083
0#
#3084
1#
b01101111 '
b10111100 (
#3085
0#
#3086
1#
b01110010 '
b10111101 (
#3087
0#
#3088
1#
b01110101 '
b10111110 (
#3089
0#
#3090
1#
b01111000 '
b10111111 (
#3091
0#
#3092
1#
b01111011 '
b11000000 (
#3093
0#
#3094
1#
b01111111 '
b11000001 (
#3095
0#
#3096
1#
b10000010 '
b11000010 (
#3097
0#
#3098
1#
b10000101 '
b11000011 (
#3099
0#
#3100
1#
b10001000 '
b11000100 (
#3101
0#
#3102
1#
b10001011 '
b11000101 (
#3103
0#
#3104
1#
b10001110 '
b11000110 (
#3105
0#
#3106
1#
b10010001 '
b11000111 (
#3107
0#
#3108
1#
b10010100 '
b11001000 (
#3109
0#
#3110
1#
b10010111 '
b11001001 (
#3111
0#
#3112
1#
b10011010 '
b11001010 (
#3113
0#
#3114
1#
b10011101 '
b11001011 (
#3115
0#
#3116
1#
b10100000 '
b11001100 (
#3117
0#
#3118
1#
b10100011 '
b11001101 (
#3119
0#
#3120
1#
b10100110 '
b11001110 (
#3121
0#
#3122
1#
b10101001 '
b11001111 (
#3123
0#
#3124
1#
b10101100 '
b11010000 (
#3125
0#
#3126
1#
b10101111 '
b11010001 (
#3127
0#
#3128
1#
b10110010 '
b11010010 (
#3129
0#
#3130
1#
b10110101 '
b11010011 (
#3131
0#
#3132
1#
b10111000 '
b11010100 (
#3133
0#
#3134
1#
b10111010 '
b11010101 (
#3135
0#
#3136
1#
b10111101 '
b11010110 (
#3137
0#
#3138
1#
b11000000 '
b11010111 (
#3139
0#
#3140
1#
b11000010 '
b11011000 (
#3141
0#
#3142
1#
b11000101 '
b11011001 (
#3143
0#
#3144
1#
b11001000 '
b11011010 (
#3145
0#
#3146
1#
b11001010 '
b11011011 (
#3147
0#
#3148
1#
b11001101 '
b11011100 (
#3149
0#
#3150
1#
b11001111 '
b11011101 (
#3151
0#
#3152
1#
b11010001 '
b11011110 (
#3153
0#
#3154
1#
b11010100 '
b11011111 (
#3155
0#
#3156
1#
b11010110 '
b11100000 (
#3157
0#
#3158
1#
b11011000 '
b11100001 (
#3159
0#
#3160
1#
b11011010 '
b11100010 (
#3161
0#
#3162
1#
b11011101 '
b11100011 (
#3163
0#
#3164
1#
b11011111 '
b11100100 (
#3165
0#
#3166
1#
b11100001 '
b11100101 (
#3167
0#
#3168
1#
b11100011 '
b11100110 (
#3169
0#
#3170
1#
b11100101 '
b11100111 (
#3171
0#
#3172
1#
b11100110 '
b11101000 (
#3173
0#
#3174
1#
b11101000 '
b11101001 (
#3175
0#
#3176
1#
b11101010 '
b11101010 (
#3177
0#
#3178
1#
b11101011 '
b11101011 (
#3179
0#
#3180
1#
b11101101 '
b11101100 (
#3181
0#
#3182
1#
b11101111 '
b11101101 (
#3183
0#
#3184
1#
b11110000 '
b11101110 (
#3185
0#
#3186
1#
b11110001 '
b11101111 (
#3187
0#
#3188
1#
b11110011 '
b11110000 (
#3189
0#
#3190
1#
b11110100 '
b11110001 (
#3191
0#
#3192
1#
b11110101 '
b11110010 (
#3193
0#
#3194
1#
b11110110 '
b11110011 (
#3195
0#
#3196
1#
b11110111 '
b11110100 (
#3197
0#
#3198
1#
b11111000 '
b11110101 (
#3199
0#
#3200
1#
b11111001 '
b11110110 (
#3201
0#
#3202
1#
b11111010 '
b11110111 (
#3203
0#
#3204
1#
b11111000 (
#3205
0#
#3206
1#
b11111011 '
b11111001 (
#3207
0#
#3208
1#
b11111100 '
b11111010 (
#3209
0#
#3210
1#
b11111011 (
#3211
0#
#3212
1#
b11111101 '
b11111100 (
#3213
0#
#3214
1#
b11111101 (
#3215
0#
#3216
1#
b11111110 (
#3217
0#
#3218
1#
b11111111 (
#3219
0#
#3220
1#
b00000000 (
#3221
0#
#3222
1#
b11111110 '
b00000001 (
#3223
0#
#3224
1#
b11111101 '
b00000010 (
#3225
0#
#3226
1#
b00000011 (
#3227
0#
#3228
1#
b00000100 (
#3229
0#
#3230
1#
b00000101 (
#3231
0#
#3232
1#
b00000110 (
#3233
0#
#3234
1#
b11111100 '
b00000111 (
#3235
0#
#3236
1#
b00001000 (
#3237
0#
#3238
1#
b11111011 '
b00001001 (
#3239
0#
#3240
1#
b11111010 '
b00001010 (
#3241
0#
#3242
1#
b00001011 (
#3243
0#
#3244
1#
b11111001 '
b00001100 (
#3245
0#
#3246
1#
b11111000 '
b00001101 (
#3247
0#
#3248
1#
b11110111 '
b00001110 (
#3249
0#
#3250
1#
b11110110 '
b00001111 (
#3251
0#
#3252
1#
b11110101 '
b00010000 (
#3253
0#
#3254
1#
b11110100 '
b00010001 (
#3255
0#
#3256
1#
b11110011 '
b00010010 (
#3257
0#
#3258
1#
b11110001 '
b00010011 (
#3259
0#
#3260
1#
b11110000 '
b00010100 (
#3261
0#
#3262
1#
b11101111 '
b00010101 (
#3263
0#
#3264
1#
b11101101 '
b00010110 (
#3265
0#
#3266
1#
b11101011 '
b00010111 (
#3267
0#
#3268
1#
b11101010 '
b00011000 (
#3269
0#
#3270
1#
b11101000 '
b00011001 (
#3271
0#
#3272
1#
b11100110 '
b00011010 (
#3273
0#
#3274
1#
b11100101 '
b00011011 (
#3275
0#
#3276
1#
b11100011 '
b00011100 (
#3277
0#
#3278
1#
b11100001 '
b00011101 (
#3279
0#
#3280
1#
b11011111 '
b00011110 (
#3281
0#
#3282
1#
b11011101 '
b00011111 (
#3283
0#
#3284
1#
b11011010 '
b00100000 (
#3285
0#
#3286
1#
b11011000 '
b00100001 (
#3287
0#
#3288
1#
b11010110 '
b00100010 (
#3289
0#
#3290
1#
b11010100 '
b00100011 (
#3291
0#
#3292
1#
b11010001 '
b00100100 (
#3293
0#
#3294
1#
b11001111 '
b00100101 (
#3295
0#
#3296
1#
b11001101 '
b00100110 (
#3297
0#
#3298
1#
b11001010 '
b00100111 (
#3299
0#
#3300
1#
b11001000 '
b00101000 (
#3301
0#
#3302
1#
b11000101 '
b00101001 (
#3303
0#
#3304
1#
b11000010 '
b00101010 (
#3305
0#
#3306
1#
b11000000 '
b00101011 (
#3307
0#
#3308
1#
b10111101 '
b00101100 (
#3309
0#
#3310
1#
b10111010 '
b00101101 (
#3311
0#
#3312
1#
b10111000 '
b00101110 (
#3313
0#
#3314
1#
b10110101 '
b00101111 (
#3315
0#
#3316
1#
b10110010 '
b00110000 (
#3317
0#
#3318
1#
b10101111 '
b00110001 (
#3319
0#
#3320
1#
b10101100 '
b00110010 (
#3321
0#
#3322
1#
b10101001 '
b00110011 (
#3323
0#
#3324
1#
b10100110 '
b00110100 (
#3325
0#
#3326
1#
b10100011 '
b00110101 (
#3327
0#
#3328
1#
b10100000 '
b00110110 (
#3329
0#
#3330
1#
b10011101 '
b00110111 (
#3331
0#
#3332
1#
b10011010 '
b00111000 (
#3333
0#
#3334
1#
b10010111 '
b00111001 (
#3335
0#
#3336
1#
b10010100 '
b00111010 (
#3337
0#
#3338
1#
b10010001 '
b00111011 (
#3339
0#
#3340
1#
b10001110 '
b00111100 (
#3341
0#
#3342
1#
b10001011 '
b00111101 (
#3343
0#
#3344
1#
b10001000 '
b00111110 (
#3345
0#
#3346
1#
b10000101 '
b00111111 (
#3347
0#
#3348
1#
b10000010 '
b01000000 (
#3349
0#
#3350
1#
b01111110 '
b01000001 (
#3351
0#
#3352
1#
b01111011 '
b01000010 (
#3353
0#
#3354
1#
b01111000 '
b01000011 (
#3355
0#
#3356
1#
b01110101 '
b01000100 (
#3357
0#
#3358
1#
b01110010 '
b01000101 (
#3359
0#
#3360
1#
b01101111 '
b01000110 (
#3361
0#
#3362
1#
b01101100 '
b01000111 (
#3363
0#
#3364
1#
b01101001 '
b01001000 (
#3365
0#
#3366
1#
b01100110 '
b01001001 (
#3367
0#
#3368
1#
b01100011 '
b01001010 (
#3369
0#
#3370
1#
b01100000 '
b01001011 (
#3371
0#
#3372
1#
b01011101 '
b01001100 (
#3373
0#
#3374
1#
b01011010 '
b01001101 (
#3375
0#
#3376
1#
b01010111 '
b01001110 (
#3377
0#
#3378
1#
b01010100 '
b01001111 (
#3379
0#
#3380
1#
b01010001 '
b01010000 (
#3381
0#
#3382
1#
b01001110 '
b01010001 (
#3383
0#
#3384
1#
b01001011 '
b01010010 (
#3385
0#
#3386
1#
b01001000 '
b01010011 (
#3387
0#
#3388
1#
b01000101 '
b01010100 (
#3389
0#
#3390
1#
b01000011 '
b01010101 (
#3391
0#
#3392
1#
b01000000 '
b01010110 (
#3393
0#
#3394
1#
b00111101 '
b01010111 (
#3395
0#
#3396
1#
b00111011 '
b01011000 (
#3397
0#
#3398
1#
b00111000 '
b01011001 (
#3399
0#
#3400
1#
b00110101 '
b01011010 (
#3401
0#
#3402
1#
b00110011 '
b01011011 (
#3403
0#
#3404
1#
b00110000 '
b01011100 (
#3405
0#
#3406
1#
b00101110 '
b01011101 (
#3407
0#
#3408
1#
b00101100 '
b01011110 (
#3409
0#
#3410
1#
b00101001 '
b01011111 (
#3411
0#
#3412
1#
b00100111 '
b01100000 (
#3413
0#
#3414
1#
b00100101 '
b01100001 (
#3415
0#
#3416
1#
b00100011 '
b01100010 (
#3417
0#
#3418
1#
b00100000 '
b01100011 (
#3419
0#
#3420
1#
b00011110 '
b01100100 (
#3421
0#
#3422
1#
b00011100 '
b01100101 (
#3423
0#
#3424
1#
b00011010 '
b01100110 (
#3425
0#
#3426
1#
b00011000 '
b01100111 (
#3427
0#
#3428
1#
b00010111 '
b01101000 (
#3429
0#
#3430
1#
b00010101 '
b01101001 (
#3431
0#
#3432
1#
b00010011 '
b01101010 (
#3433
0#
#3434
1#
b00010010 '
b01101011 (
#3435
0#
#3436
1#
b00010000 '
b01101100 (
#3437
0#
#3438
1#
b00001110 '
b01101101 (
#3439
0#
#3440
1#
b00001101 '
b01101110 (
#3441
0#
#3442
1#
b00001100 '
b01101111 (
#3443
0#
#3444
1#
b00001010 '
b01110000 (
#3445
0#
#3446
1#
b00001001 '
b01110001 (
#3447
0#
#3448
1#
b00001000 '
b01110010 (
#3449
0#
#3450
1#
b00000111 '
b01110011 (
#3451
0#
#3452
1#
b00000110 '
b01110100 (
#3453
0#
#3454
1#
b00000101 '
b01110101 (
#3455
0#
#3456
1#
b00000100 '
b01110110 (
#3457
0#
#3458
1#
b00000011 '
b01110111 (
#3459
0#
#3460
1#
b01111000 (
#3461
0#
#3462
1#
b00000010 '
b01111001 (
#3463
0#
#3464
1#
b00000001 '
b01111010 (
#3465
0#
#3466
1#
b01111011 (
#3467
0#
#3468
1#
b00000000 '
b01111100 (
#3469
0#
#3470
1#
b01111101 (
#3471
0#
#3472
1#
b01111110 (
#3473
0#
#3474
1#
b01111111 (
#3475
0#
#3476
1#
b10000000 (
#3477
0#
#3478
1#
b10000001 (
#3479
0#
#3480
1#
b10000010 (
#3481
0#
#3482
1#
b10000011 (
#3483
0#
#3484
1#
b10000100 (
#3485
0#
#3486
1#
b10000101 (
#3487
0#
#3488
1#
b10000110 (
#3489
0#
#3490
1#
b00000001 '
b10000111 (
#3491
0#
#3492
1#
b10001000 (
#3493
0#
#3494
1#
b00000010 '
b10001001 (
#3495
0#
#3496
1#
b00000011 '
b10001010 (
#3497
0#
#3498
1#
b10001011 (
#3499
0#
#3500
1#
b00000100 '
b10001100 (
#3501
0#
#3502
1#
b00000101 '
b10001101 (
#3503
0#
#3504
1#
b00000110 '
b10001110 (
#3505
0#
#3506
1#
b00000111 '
b10001111 (
#3507
0#
#3508
1#
b00001000 '
b10010000 (
#3509
0#
#3510
1#
b00001001 '
b10010001 (
#3511
0#
#3512
1#
b00001010 '
b10010010 (
#3513
0#
#3514
1#
b00001100 '
b10010011 (
#3515
0#
#3516
1#
b00001101 '
b10010100 (
#3517
0#
#3518
1#
b00001110 '
b10010101 (
#3519
0#
#3520
1#
b00010000 '
b10010110 (
#3521
0#
#3522
1#
b00010010 '
b10010111 (
#3523
0#
#3524
1#
b00010011 '
b10011000 (
#3525
0#
#3526
1#
b00010101 '
b10011001 (
#3527
0#
#3528
1#
b00010111 '
b10011010 (
#3529
0#
#3530
1#
b00011000 '
b10011011 (
#3531
0#
#3532
1#
b00011010 '
b10011100 (
#3533
0#
#3534
1#
b00011100 '
b10011101 (
#3535
0#
#3536
1#
b00011110 '
b10011110 (
#3537
0#
#3538
1#
b00100000 '
b10011111 (
#3539
0#
#3540
1#
b00100011 '
b10100000 (
#3541
0#
#3542
1#
b00100101 '
b10100001 (
#3543
0#
#3544
1#
b00100111 '
b10100010 (
#3545
0#
#3546
1#
b00101001 '
b10100011 (
#3547
0#
#3548
1#
b00101100 '
b10100100 (
#3549
0#
#3550
1#
b00101110 '
b10100101 (
#3551
0#
#3552
1#
b00110000 '
b10100110 (
#3553
0#
#3554
1#
b00110011 '
b10100111 (
#3555
0#
#3556
1#
b00110101 '
b10101000 (
#3557
0#
#3558
1#
b00111000 '
b10101001 (
#3559
0#
#3560
1#
b00111011 '
b10101010 (
#3561
0#
#3562
1#
b00111101 '
b10101011 (
#3563
0#
#3564
1#
b01000000 '
b10101100 (
#3565
0#
#3566
1#
b01000011 '
b10101101 (
#3567
0#
#3568
1#
b01000101 '
b10101110 (
#3569
0#
#3570
1#
b01001000 '
b10101111 (
#3571
0#
#3572
1#
b01001011 '
b10110000 (
#3573
0#
#3574
1#
b01001110 '
b10110001 (
#3575
0#
#3576
1#
b01010001 '
b10110010 (
#3577
0#
#3578
1#
b01010100 '
b10110011 (
#3579
0#
#3580
1#
b01010111 '
b10110100 (
#3581
0#
#3582
1#
b01011010 '
b10110101 (
#3583
0#
#3584
1#
b01011101 '
b10110110 (
#3585
0#
#3586
1#
b01100000 '
b10110111 (
#3587
0#
#3588
1#
b01100011 '
b10111000 (
#3589
0#
#3590
1#
b01100110 '
b10111001 (
#3591
0#
#3592
1#
b01101001 '
b10111010 (
#3593
0#
#3594
1#
b01101100 '
b10111011 (
#3595
0#
#3596
1#
b01101111 '
b10111100 (
#3597
0#
#3598
1#
b01110010 '
b10111101 (
#3599
0#
#3600
1#
b01110101 '
b10111110 (
#3601
0#
#3602
1#
b01111000 '
b10111111 (
#3603
0#
#3604
1#
b01111011 '
b11000000 (
#3605
0#
#3606
1#
b01111111 '
b11000001 (
#3607
0#
#3608
1#
b10000010 '
b11000010 (
#3609
0#
#3610
1#
b10000101 '
b11000011 (
#3611
0#
#3612
1#
b10001000 '
b11000100 (
#3613
0#
#3614
1#
b10001011 '
b11000101 (
#3615
0#
#3616
1#
b10001110 '
b11000110 (
#3617
0#
#3618
1#
b10010001 '
b11000111 (
#3619
0#
#3620
1#
b10010100 '
b11001000 (
#3621
0#
#3622
1#
b10010111 '
b11001001 (
#3623
0#
#3624
1#
b10011010 '
b11001010 (
#3625
0#
#3626
1#
b10011101 '
b11001011 (
#3627
0#
#3628
1#
b10100000 '
b11001100 (
#3629
0#
#3630
1#
b10100011 '
b11001101 (
#3631
0#
#3632
1#
b10100110 '
b11001110 (
#3633
0#
#3634
1#
b10101001 '
b11001111 (
#3635
0#
#3636
1#
b10101100 '
b11010000 (
#3637
0#
#3638
1#
b10101111 '
b11010001 (
#3639
0#
#3640
1#
b10110010 '
b11010010 (
#3641
0#
#3642
1#
b10110101 '
b11010011 (
#3643
0#
#3644
1#
b10111000 '
b11010100 (
#3645
0#
#3646
1#
b10111010 '
b11010101 (
#3647
0#
#3648
1#
b10111101 '
b11010110 (
#3649
0#
#3650
1#
b11000000 '
b11010111 (
#3651
0#
#3652
1#
b11000010 '
b11011000 (
#3653
0#
#3654
1#
b11000101 '
b11011001 (
#3655
0#
#3656
1#
b11001000 '
b11011010 (
#3657
0#
#3658
1#
b11001010 '
b11011011 (
#3659
0#
#3660
1#
b11001101 '
b11011100 (
#3661
0#
#3662
1#
b11001111 '
b11011101 (
#3663
0#
#3664
1#
b11010001 '
b11011110 (
#3665
0#
#3666
1#
b11010100 '
b11011111 (
#3667
0#
#3668
1#
b11010110 '
b11100000 (
#3669
0#
#3670
1#
b11011000 '
b11100001 (
#3671
0#
#3672
1#
b11011010 '
b11100010 (
#3673
0#
#3674
1#
b11011101 '
b11100011 (
#3675
0#
#3676
1#
b11011111 '
b11100100 (
#3677
0#
#3678
1#
b11100001 '
b11100101 (
#3679
0#
#3680
1#
b11100011 '
b11100110 (
#3681
0#
#3682
1#
b11100101 '
b11100111 (
#3683
0#
#3684
1#
b11100110 '
b11101000 (
#3685
0#
#3686
1#
b11101000 '
b11101001 (
#3687
0#
#3688
1#
b11101010 '
b11101010 (
#3689
0#
#3690
1#
b11101011 '
b11101011 (
#3691
0#
#3692
1#
b11101101 '
b11101100 (
#3693
0#
#3694
1#
b11101111 '
b11101101 (
#3695
0#
#3696
1#
b11110000 '
b11101110 (
#3697
0#
#3698
1#
b11110001 '
b11101111 (
#3699
0#
#3700
1#
b11110011 '
b11110000 (
#3701
0#
#3702
1#
b11110100 '
b11110001 (
#3703
0#
#3704
1#
b11110101 '
b11110010 (
#3705
0#
#3706
1#
b11110110 '
b11110011 (
#3707
0#
#3708
1#
b11110111 '
b11110100 (
#3709
0#
#3710
1#
b11111000 '
b11110101 (
#3711
0#
#3712
1#
b11111001 '
b11110110 (
#3713
0#
#3714
1#
b11111010 '
b11110111 (
#3715
0#
#3716
1#
b11111000 (
#3717
0#
#3718
1#
b11111011 '
b11111001 (
#3719
0#
#3720
1#
b11111100 '
b11111010 (
#3721
0#
#3722
1#
b11111011 (
#3723
0#
#3724
1#
b11111101 '
b11111100 (
#3725
0#
#3726
1#
b11111101 (
#3727
0#
#3728
1#
b11111110 (
#3729
0#
#3730
1#
b11111111 (
#3731
0#
#3732
1#
b00000000 (
#3733
0#
#3734
1#
b11111110 '
b00000001 (
#3735
0#
#3736
1#
b11111101 '
b00000010 (
#3737
0#
#3738
1#
b00000011 (
#3739
0#
#3740
1#
b00000100 (
#3741
0#
#3742
1#
b00000101 (
#3743
0#
#3744
1#
b00000110 (
#3745
0#
#3746
1#
b11111100 '
b00000111 (
#3747
0#
#3748
1#
b00001000 (
#3749
0#
#3750
1#
b11111011 '
b00001001 (
#3751
0#
#3752
1#
b11111010 '
b00001010 (
#3753
0#
#3754
1#
b00001011 (
#3755
0#
#3756
1#
b11111001 '
b00001100 (
#3757
0#
#3758
1#
b11111000 '
b00001101 (
#3759
0#
#3760
1#
b11110111 '
b00001110 (
#3761
0#
#3762
1#
b11110110 '
b00001111 (
#3763
0#
#3764
1#
b11110101 '
b00010000 (
#3765
0#
#3766
1#
b11110100 '
b00010001 (
#3767
0#
#3768
1#
b11110011 '
b00010010 (
#3769
0#
#3770
1#
b11110001 '
b00010011 (
#3771
0#
#3772
1#
b11110000 '
b00010100 (
#3773
0#
#3774
1#
b11101111 '
b00010101 (
#3775
0#
#3776
1#
b11101101 '
b00010110 (
#3777
0#
#3778
1#
b11101011 '
b00010111 (
#3779
0#
#3780
1#
b11101010 '
b00011000 (
#3781
0#
#3782
1#
b11101000 '
b00011001 (
#3783
0#
#3784
1#
b11100110 '
b00011010 (
#3785
0#
#3786
1#
b11100101 '
b00011011 (
#3787
0#
#3788
1#
b11100011 '
b00011100 (
#3789
0#
#3790
1#
b11100001 '
b00011101 (
#3791
0#
#3792
1#
b11011111 '
b00011110 (
#3793
0#
#3794
1#
b11011101 '
b00011111 (
#3795
0#
#3796
1#
b11011010 '
b00100000 (
#3797
0#
#3798
1#
b11011000 '
b00100001 (
#3799
0#
#3800
1#
b11010110 '
b00100010 (
#3801
0#
#3802
1#
b11010100 '
b00100011 (
#3803
0#
#3804
1#
b11010001 '
b00100100 (
#3805
0#
#3806
1#
b11001111 '
b00100101 (
#3807
0#
#3808
1#
b11001101 '
b00100110 (
#3809
0#
#3810
1#
b11001010 '
b00100111 (
#3811
0#
#3812
1#
b11001000 '
b00101000 (
#3813
0#
#3814
1#
b11000101 '
b00101001 (
#3815
0#
#3816
1#
b11000010 '
b00101010 (
#3817
0#
#3818
1#
b11000000 '
b00101011 (
#3819
0#
#3820
1#
b10111101 '
b00101100 (
#3821
0#
#3822
1#
b10111010 '
b00101101 (
#3823
0#
#3824
1#
b10111000 '
b00101110 (
#3825
0#
#3826
1#
b10110101 '
b00101111 (
#3827
0#
#3828
1#
b10110010 '
b00110000 (
#3829
0#
#3830
1#
b10101111 '
b00110001 (
#3831
0#
#3832
1#
b10101100 '
b00110010 (
#3833
0#
#3834
1#
b10101001 '
b00110011 (
#3835
0#
#3836
1#
b10100110 '
b00110100 (
#3837
0#
#3838
1#
b10100011 '
b00110101 (
#3839
0#
#3840
1#
b10100000 '
b00110110 (
#3841
0#
#3842
1#
b10011101 '
b00110111 (
#3843
0#
#3844
1#
b10011010 '
b00111000 (
#3845
0#
#3846
1#
b10010111 '
b00111001 (
#3847
0#
#3848
1#
b10010100 '
b00111010 (
#3849
0#
#3850
1#
b10010001 '
b00111011 (
#3851
0#
#3852
1#
b10001110 '
b00111100 (
#3853
0#
#3854
1#
b10001011 '
b00111101 (
#3855
0#
#3856
1#
b10001000 '
b00111110 (
#3857
0#
#3858
1#
b10000101 '
b00111111 (
#3859
0#
#3860
1#
b10000010 '
b01000000 (
#3861
0#
#3862
1#
b01111110 '
b01000001 (
#3863
0#
#3864
1#
b01111011 '
b01000010 (
#3865
0#
#3866
1#
b01111000 '
b01000011 (
#3867
0#
#3868
1#
b01110101 '
b01000100 (
#3869
0#
#3870
1#
b01110010 '
b01000101 (
#3871
0#
#3872
1#
b01101111 '
b01000110 (
#3873
0#
#3874
1#
b01101100 '
b01000111 (
#3875
0#
#3876
1#
b01101001 '
b01001000 (
#3877
0#
#3878
1#
b01100110 '
b01001001 (
#3879
0#
#3880
1#
b01100011 '
b01001010 (
#3881
0#
#3882
1#
b01100000 '
b01001011 (
#3883
0#
#3884
1#
b01011101 '
b01001100 (
#3885
0#
#3886
1#
b01011010 '
b01001101 (
#3887
0#
#3888
1#
b01010111 '
b01001110 (
#3889
0#
#3890
1#
b01010100 '
b01001111 (
#3891
0#
#3892
1#
b01010001 '
b01010000 (
#3893
0#
#3894
1#
b01001110 '
b01010001 (
#3895
0#
#3896
1#
b01001011 '
b01010010 (
#3897
0#
#3898
1#
b01001000 '
b01010011 (
#3899
0#
#3900
1#
b01000101 '
b01010100 (
#3901
0#
#3902
1#
b01000011 '
b01010101 (
#3903
0#
#3904
1#
b01000000 '
b01010110 (
#3905
0#
#3906
1#
b00111101 '
b01010111 (
#3907
0#
#3908
1#
b00111011 '
b01011000 (
#3909
0#
#3910
1#
b00111000 '
b01011001 (
#3911
0#
#3912
1#
b00110101 '
b01011010 (
#3913
0#
#3914
1#
b00110011 '
b01011011 (
#3915
0#
#3916
1#
b00110000 '
b01011100 (
#3917
0#
#3918
1#
b00101110 '
b01011101 (
#3919
0#
#3920
1#
b00101100 '
b01011110 (
#3921
0#
#3922
1#
b00101001 '
b01011111 (
#3923
0#
#3924
1#
b00100111 '
b01100000 (
#3925
0#
#3926
1#
b00100101 '
b01100001 (
#3927
0#
#3928
1#
b00100011 '
b01100010 (
#3929
0#
#3930
1#
b00100000 '
b01100011 (
#3931
0#
#3932
1#
b00011110 '
b01100100 (
#3933
0#
#3934
1#
b00011100 '
b01100101 (
#3935
0#
#3936
1#
b00011010 '
b01100110 (
#3937
0#
#3938
1#
b00011000 '
b01100111 (
#3939
0#
#3940
1#
b00010111 '
b01101000 (
#3941
0#
#3942
1#
b00010101 '
b01101001 (
#3943
0#
#3944
1#
b00010011 '
b01101010 (
#3945
0#
#3946
1#
b00010010 '
b01101011 (
#3947
0#
#3948
1#
b00010000 '
b01101100 (
#3949
0#
#3950
1#
b00001110 '
b01101101 (
#3951
0#
#3952
1#
b00001101 '
b01101110 (
#3953
0#
#3954
1#
b00001100 '
b01101111 (
#3955
0#
#3956
1#
b00001010 '
b01110000 (
#3957
0#
#3958
1#
b00001001 '
b01110001 (
#3959
0#
#3960
1#
b00001000 '
b01110010 (
#3961
0#
#3962
1#
b00000111 '
b01110011 (
#3963
0#
#3964
1#
b00000110 '
b01110100 (
#3965
0#
#3966
1#
b00000101 '
b01110101 (
#3967
0#
#3968
1#
b00000100 '
b01110110 (
#3969
0#
#3970
1#
b00000011 '
b01110111 (
#3971
0#
#3972
1#
b01111000 (
#3973
0#
#3974
1#
b00000010 '
b01111001 (
#3975
0#
#3976
1#
b00000001 '
b01111010 (
#3977
0#
#3978
1#
b01111011 (
#3979
0#
#3980
1#
b00000000 '
b01111100 (
#3981
0#
#3982
1#
b01111101 (
#3983
0#
#3984
1#
b01111110 (
#3985
0#
#3986
1#
b01111111 (
#3987
0#
#3988
1#
b10000000 (
#3989
0#
#3990
1#
b10000001 (
#3991
0#
#3992
1#
b10000010 (
#3993
0#
#3994
1#
b10000011 (
#3995
0#
#3996
1#
b10000100 (
#3997
0#
#3998
1#
b10000101 (
#3999
0#
#4000
1#
b10000110 (
#4001
0#
#4002
1#
b00000001 '
b10000111 (
#4003
0#
#4004
1#
b10001000 (
#4005
0#
#4006
1#
b00000010 '
b10001001 (
#4007
0#
#4008
1#
b00000011 '
b10001010 (
#4009
0#
#4010
1#
b10001011 (
#4011
0#
#4012
1#
b00000100 '
b10001100 (
#4013
0#
#4014
1#
b00000101 '
b10001101 (
#4015
0#
#4016
1#
b00000110 '
b10001110 (
#4017
0#
#4018
1#
b00000111 '
b10001111 (
#4019
0#
#4020
1#
b00001000 '
b10010000 (
#4021
0#
#4022
1#
b00001001 '
b10010001 (
#4023
0#
#4024
1#
b00001010 '
b10010010 (
#4025
0#
#4026
1#
b00001100 '
b10010011 (
#4027
0#
#4028
1#
b00001101 '
b10010100 (
#4029
0#
#4030
1#
b00001110 '
b10010101 (
#4031
0#
#4032
1#
b00010000 '
b10010110 (
#4033
0#
#4034
1#
b00010010 '
b10010111 (
#4035
0#
#4036
1#
b00010011 '
b10011000 (
#4037
0#
#4038
1#
b00010101 '
b10011001 (
#4039
0#
#4040
1#
b00010111 '
b10011010 (
#4041
0#
#4042
1#
b00011000 '
b10011011 (
#4043
0#
#4044
1#
b00011010 '
b10011100 (
#4045
0#
#4046
1#
b00011100 '
b10011101 (
#4047
0#
#4048
1#
b00011110 '
b10011110 (
#4049
0#
#4050
1#
b00100000 '
b10011111 (
#4051
0#
#4052
1#
b00100011 '
b10100000 (
#4053
0#
#4054
1#
b00100101 '
b10100001 (
#4055
0#
#4056
1#
b00100111 '
b10100010 (
#4057
0#
#4058
1#
b00101001 '
b10100011 (
#4059
0#
#4060
1#
b00101100 '
b10100100 (
#4061
0#
#4062
1#
b00101110 '
b10100101 (
#4063
0#
#4064
1#
b00110000 '
b10100110 (
#4065
0#
#4066
1#
b00110011 '
b10100111 (
#4067
0#
#4068
1#
b00110101 '
b10101000 (
#4069
0#
#4070
1#
b00111000 '
b10101001 (
#4071
0#
#4072
1#
b00111011 '
b10101010 (
#4073
0#
#4074
1#
b00111101 '
b10101011 (
#4075
0#
#4076
1#
b01000000 '
b10101100 (
#4077
0#
#4078
1#
b01000011 '
b10101101 (
#4079
0#
#4080
1#
b01000101 '
b10101110 (
#4081
0#
#4082
1#
b01001000 '
b10101111 (
#4083
0#
#4084
1#
b01001011 '
b10110000 (
#4085
0#
#4086
1#
b01001110 '
b10110001 (
#4087
0#
#4088
1#
b01010001 '
b10110010 (
#4089
0#
#4090
1#
b01010100 '
b10110011 (
#4091
0#
#4092
1#
b01010111 '
b10110100 (
#4093
0#
#4094
1#
b01011010 '
b10110101 (
#4095
0#
#4096
1#
b01011101 '
b10110110 (
#4097
0#
#4098
1#
b01100000 '
b10110111 (
#4099
0#
#4100
1#
b01100011 '
b10111000 (
#4101
0#
#4102
1#
b01100110 '
b10111001 (
#4103
0#
#4104
1#
b01101001 '
b10111010 (
#4105
0#
#4106
1#
b01101100 '
b10111011 (
#4107
0#
#4108
1#
b01101111 '
b10111100 (
#4109
0#
#4110
1#
b01110010 '
b10111101 (
#4111
0#
#4112
1#
b01110101 '
b10111110 (
#4113
0#
#4114
1#
b01111000 '
b10111111 (
#4115
0#
#4116
1#
b01111011 '
b11000000 (
#4117
0#
#4118
1#
b01111111 '
b11000001 (
#4119
0#
#4120
1#
b10000010 '
b11000010 (
#4121
0#
#4122
1#
b10000101 '
b11000011 (
#4123
0#
#4124
1#
b10001000 '
b11000100 (
#4125
0#
#4126
1#
b10001011 '
b11000101 (
#4127
0#
#4128
1#
b10001110 '
b11000110 (
#4129
0#
#4130
1#
b10010001 '
b11000111 (
#4131
0#
#4132
1#
b10010100 '
b11001000 (
#4133
0#
#4134
1#
b10010111 '
b11001001 (
#4135
0#
#4136
1#
b10011010 '
b11001010 (
#4137
0#
#4138
1#
b10011101 '
b11001011 (
#4139
0#
#4140
1#
b10100000 '
b11001100 (
#4141
0#
#4142
1#
b10100011 '
b11001101 (
#4143
0#
#4144
1#
b10100110 '
b11001110 (
#4145
0#
#4146
1#
b10101001 '
b11001111 (
#4147
0#
#4148
1#
b10101100 '
b11010000 (
#4149
0#
#4150
1#
b10101111 '
b11010001 (
#4151
0#
#4152
1#
b10110010 '
b11010010 (
#4153
0#
#4154
1#
b10110101 '
b11010011 (
#4155
0#
#4156
1#
b10111000 '
b11010100 (
#4157
0#
#4158
1#
b10111010 '
b11010101 (
#4159
0#
#4160
1#
b10111101 '
b11010110 (
#4161
0#
#4162
1#
b11000000 '
b11010111 (
#4163
0#
#4164
1#
b11000010 '
b11011000 (
#4165
0#
#4166
1#
b11000101 '
b11011001 (
#4167
0#
#4168
1#
b11001000 '
b11011010 (
#4169
0#
#4170
1#
b11001010 '
b11011011 (
#4171
0#
#4172
1#
b11001101 '
b11011100 (
#4173
0#
#4174
1#
b11001111 '
b11011101 (
#4175
0#
#4176
1#
b11010001 '
b11011110 (
#4177
0#
#4178
1#
b11010100 '
b11011111 (
#4179
0#
#4180
1#
b11010110 '
b11100000 (
#4181
0#
#4182
1#
b11011000 '
b11100001 (
#4183
0#
#4184
1#
b11011010 '
b11100010 (
#4185
0#
#4186
1#
b11011101 '
b11100011 (
#4187
0#
#4188
1#
b11011111 '
b11100100 (
#4189
0#
#4190
1#
b11100001 '
b11100101 (
#4191
0#
#4192
1#
b11100011 '
b11100110 (
#4193
0#
#4194
1#
b11100101 '
b11100111 (
#4195
0#
#4196
1#
b11100110 '
b11101000 (
#4197
0#
#4198
1#
b11101000 '
b11101001 (
#4199
0#
#4200
1#
b11101010 '
b11101010 (
#4201
0#
#4202
1#
b11101011 '
b11101011 (
#4203
0#
#4204
1#
b11101101 '
b11101100 (
#4205
0#
#4206
1#
b11101111 '
b11101101 (
#4207
0#
#4208
1#
b11110000 '
b11101110 (
#4209
0#
#4210
1#
b11110001 '
b11101111 (
#4211
0#
#4212
1#
b11110011 '
b11110000 (
#4213
0#
#4214
1#
b11110100 '
b11110001 (
#4215
0#
#4216
1#
b11110101 '
b11110010 (
#4217
0#
#4218
1#
b11110110 '
b11110011 (
#4219
0#
#4220
1#
b11110111 '
b11110100 (
#4221
0#
#4222
1#
b11111000 '
b11110101 (
#4223
0#
#4224
1#
b11111001 '
b11110110 (
#4225
0#
#4226
1#
b11111010 '
b11110111 (
#4227
0#
#4228
1#
b11111000 (
#4229
0#
#4230
1#
b11111011 '
b11111001 (
#4231
0#
#4232
1#
b11111100 '
b11111010 (
#4233
0#
#4234
1#
b11111011 (
#4235
0#
#4236
1#
b11111101 '
b11111100 (
#4237
0#
#4238
1#
b11111101 (
#4239
0#
#4240
1#
b11111110 (
#4241
0#
#4242
1#
b11111111 (
#4243
0#
#4244
1#
b00000000 (
#4245
0#
#4246
1#
b11111110 '
b00000001 (
#4247
0#
#4248
1#
b11111101 '
b00000010 (
#4249
0#
#4250
1#
b00000011 (
#4251
0#
#4252
1#
b00000100 (
#4253
0#
#4254
1#
b00000101 (
#4255
0#
#4256
1#
b00000110 (
#4257
0#
#4258
1#
b11111100 '
b00000111 (
#4259
0#
#4260
1#
b00001000 (
#4261
0#
#4262
1#
b11111011 '
b00001001 (
#4263
0#
#4264
1#
b11111010 '
b00001010 (
#4265
0#
#4266
1#
b00001011 (
#4267
0#
#4268
1#
b11111001 '
b00001100 (
#4269
0#
#4270
1#
b11111000 '
b00001101 (
#4271
0#
#4272
1#
b11110111 '
b00001110 (
#4273
0#
#4274
1#
b11110110 '
b00001111 (
#4275
0#
#4276
1#
b11110101 '
b00010000 (
#4277
0#
#4278
1#
b11110100 '
b00010001 (
#4279
0#
#4280
1#
b11110011 '
b00010010 (
#4281
0#
#4282
1#
b11110001 '
b00010011 (
#4283
0#
#4284
1#
b11110000 '
b00010100 (
#4285
0#
#4286
1#
b11101111 '
b00010101 (
#4287
0#
#4288
1#
b11101101 '
b00010110 (
#4289
0#
#4290
1#
b11101011 '
b00010111 (
#4291
0#
#4292
1#
b11101010 '
b00011000 (
#4293
0#
#4294
1#
b11101000 '
b00011001 (
#4295
0#
#4296
1#
b11100110 '
b00011010 (
#4297
0#
#4298
1#
b11100101 '
b00011011 (
#4299
0#
#4300
1#
b11100011 '
b00011100 (
#4301
0#
#4302
1#
b11100001 '
b00011101 (
#4303
0#
#4304
1#
b11011111 '
b00011110 (
#4305
0#
#4306
1#
b11011101 '
b00011111 (
#4307
0#
#4308
1#
b11011010 '
b00100000 (
#4309
0#
#4310
1#
b11011000 '
b00100001 (
#4311
0#
#4312
1#
b11010110 '
b00100010 (
#4313
0#
#4314
1#
b11010100 '
b00100011 (
#4315
0#
#4316
1#
b11010001 '
b00100100 (
#4317
0#
#4318
1#
b11001111 '
b00100101 (
#4319
0#
#4320
1#
b11001101 '
b00100110 (
#4321
0#
#4322
1#
b11001010 '
b00100111 (
#4323
0#
#4324
1#
b11001000 '
b00101000 (
#4325
0#
#4326
1#
b11000101 '
b00101001 (
#4327
0#
#4328
1#
b11000010 '
b00101010 (
#4329
0#
#4330
1#
b11000000 '
b00101011 (
#4331
0#
#4332
1#
b10111101 '
b00101100 (
#4333
0#
#4334
1#
b10111010 '
b00101101 (
#4335
0#
#4336
1#
b10111000 '
b00101110 (
#4337
0#
#4338
1#
b10110101 '
b00101111 (
#4339
0#
#4340
1#
b10110010 '
b00110000 (
#4341
0#
#4342
1#
b10101111 '
b00110001 (
#4343
0#
#4344
1#
b10101100 '
b00110010 (
#4345
0#
#4346
1#
b10101001 '
b00110011 (
#4347
0#
#4348
1#
b10100110 '
b00110100 (
#4349
0#
#4350
1#
b10100011 '
b00110101 (
#4351
0#
#4352
1#
b10100000 '
b00110110 (
#4353
0#
#4354
1#
b10011101 '
b00110111 (
#4355
0#
#4356
1#
b10011010 '
b00111000 (
#4357
0#
#4358
1#
b10010111 '
b00111001 (
#4359
0#
#4360
1#
b10010100 '
b00111010 (
#4361
0#
#4362
1#
b10010001 '
b00111011 (
#4363
0#
#4364
1#
b10001110 '
b00111100 (
#4365
0#
#4366
1#
b10001011 '
b00111101 (
#4367
0#
#4368
1#
b10001000 '
b00111110 (
#4369
0#
#4370
1#
b10000101 '
b00111111 (
#4371
0#
#4372
1#
b10000010 '
b01000000 (
#4373
0#
#4374
1#
b01111110 '
b01000001 (
#4375
0#
#4376
1#
b01111011 '
b01000010 (
#4377
0#
#4378
1#
b01111000 '
b01000011 (
#4379
0#
#4380
1#
b01110101 '
b01000100 (
#4381
0#
#4382
1#
b01110010 '
b01000101 (
#4383
0#
#4384
1#
b01101111 '
b01000110 (
#4385
0#
#4386
1#
b01101100 '
b01000111 (
#4387
0#
#4388
1#
b01101001 '
b01001000 (
#4389
0#
#4390
1#
b01100110 '
b01001001 (
#4391
0#
#4392
1#
b01100011 '
b01001010 (
#4393
0#
#4394
1#
b01100000 '
b01001011 (
#4395
0#
#4396
1#
b01011101 '
b01001100 (
#4397
0#
#4398
1#
b01011010 '
b01001101 (
#4399
0#
#4400
1#
b01010111 '
b01001110 (
#4401
0#
#4402
1#
b01010100 '
b01001111 (
#4403
0#
#4404
1#
b01010001 '
b01010000 (
#4405
0#
#4406
1#
b01001110 '
b01010001 (
#4407
0#
#4408
1#
b01001011 '
b01010010 (
#4409
0#
#4410
1#
b01001000 '
b01010011 (
#4411
0#
#4412
1#
b01000101 '
b01010100 (
#4413
0#
#4414
1#
b01000011 '
b01010101 (
#4415
0#
#4416
1#
b01000000 '
b01010110 (
#4417
0#
#4418
1#
b00111101 '
b01010111 (
#4419
0#
#4420
1#
b00111011 '
b01011000 (
#4421
0#
#4422
1#
b00111000 '
b01011001 (
#4423
0#
#4424
1#
b00110101 '
b01011010 (
#4425
0#
#4426
1#
b00110011 '
b01011011 (
#4427
0#
#4428
1#
b00000010 &
b00110000 '
b01011100 (
#4429
0#
#4430
1#
b00101110 '
b01011110 (
#4431
0#
#4432
1#
b00101001 '
b01100000 (
#4433
0#
#4434
1#
b00100101 '
b01100010 (
#4435
0#
#4436
1#
b00100000 '
b01100100 (
#4437
0#
#4438
1#
b00011100 '
b01100110 (
#4439
0#
#4440
1#
b00011000 '
b01101000 (
#4441
0#
#4442
1#
b00010101 '
b01101010 (
#4443
0#
#4444
1#
b00010010 '
b01101100 (
#4445
0#
#4446
1#
b00001110 '
b01101110 (
#4447
0#
#4448
1#
b00000011 &
b00001100 '
b01110000 (
#4449
0#
#4450
1#
b00001001 '
b01110011 (
#4451
0#
#4452
1#
b00000110 '
b01110110 (
#4453
0#
#4454
1#
b00000011 '
b01111001 (
#4455
0#
#4456
1#
b00000001 '
b01111100 (
#4457
0#
#4458
1#
b00000000 '
b01111111 (
#4459
0#
#4460
1#
b10000010 (
#4461
0#
#4462
1#
b10000101 (
#4463
0#
#4464
1#
b10001000 (
#4465
0#
#4466
1#
b00000010 '
b10001011 (
#4467
0#
#4468
1#
b00000100 '
b10001110 (
#4469
0#
#4470
1#
b00000111 '
b10010001 (
#4471
0#
#4472
1#
b00000100 &
b00001010 '
b10010100 (
#4473
0#
#4474
1#
b00001110 '
b10011000 (
#4475
0#
#4476
1#
b00010101 '
b10011100 (
#4477
0#
#4478
1#
b00011100 '
b10100000 (
#4479
0#
#4480
1#
b00100101 '
b10100100 (
#4481
0#
#4482
1#
b00101110 '
b10101000 (
#4483
0#
#4484
1#
b00111000 '
b10101100 (
#4485
0#
#4486
1#
b01000011 '
b10110000 (
#4487
0#
#4488
1#
b01001110 '
b10110100 (
#4489
0#
#4490
1#
b01011010 '
b10111000 (
#4491
0#
#4492
1#
b00000101 &
b01100110 '
b10111100 (
#4493
0#
#4494
1#
b01110010 '
b11000001 (
#4495
0#
#4496
1#
b10000010 '
b11000110 (
#4497
0#
#4498
1#
b10010001 '
b11001011 (
#4499
0#
#4500
1#
b10100000 '
b11010000 (
#4501
0#
#4502
1#
b10101111 '
b11010101 (
#4503
0#
#4504
1#
b10111101 '
b11011010 (
#4505
0#
#4506
1#
b11001010 '
b11011111 (
#4507
0#
#4508
1#
b11010110 '
b11100100 (
#4509
0#
#4510
1#
b11100001 '
b11101001 (
#4511
0#
#4512
1#
b11101010 '
b11101110 (
#4513
0#
#4514
1#
b11110001 '
b11110011 (
#4515
0#
#4516
1#
b11110111 '
b11111000 (
#4517
0#
#4518
1#
b11111011 '
b11111101 (
#4519
0#
#4520
1#
b11111101 '
b00000010 (
#4521
0#
#4522
1#
b00000111 (
#4523
0#
#4524
1#
b11111100 '
b00001100 (
#4525
0#
#4526
1#
b11111000 '
b00010001 (
#4527
0#
#4528
1#
b11110011 '
b00010110 (
#4529
0#
#4530
1#
b11101011 '
b00011011 (
#4531
0#
#4532
1#
b11100011 '
b00100000 (
#4533
0#
#4534
1#
b11011000 '
b00100101 (
#4535
0#
#4536
1#
b11001101 '
b00101010 (
#4537
0#
#4538
1#
b11000000 '
b00101111 (
#4539
0#
#4540
1#
b10110010 '
b00110100 (
#4541
0#
#4542
1#
b10100011 '
b00111001 (
#4543
0#
#4544
1#
b00000110 &
b10010100 '
b00111110 (
#4545
0#
#4546
1#
b10000101 '
b01000100 (
#4547
0#
#4548
1#
b01110010 '
b01001010 (
#4549
0#
#4550
1#
b01100000 '
b01010000 (
#4551
0#
#4552
1#
b01001110 '
b01010110 (
#4553
0#
#4554
1#
b00111101 '
b01011100 (
#4555
0#
#4556
1#
b00101110 '
b01100010 (
#4557
0#
#4558
1#
b00000111 &
b00100000 '
b01101000 (
#4559
0#
#4560
1#
b00010101 '
b01101111 (
#4561
0#
#4562
1#
b00001010 '
b01110110 (
#4563
0#
#4564
1#
b00000011 '
b01111101 (
#4565
0#
#4566
1#
b00000000 '
b10000100 (
#4567
0#
#4568
1#
b10001011 (
#4569
0#
#4570
1#
b00000100 '
b10010010 (
#4571
0#
#4572
1#
b00001100 '
b10011001 (
#4573
0#
#4574
1#
b00001000 &
b00010111 '
b10100000 (
#4575
0#
#4576
1#
b00100101 '
b10101000 (
#4577
0#
#4578
1#
b00111000 '
b10110000 (
#4579
0#
#4580
1#
b01001110 '
b10111000 (
#4581
0#
#4582
1#
b01100110 '
b11000000 (
#4583
0#
#4584
1#
b00001001 &
b01111111 '
b11001000 (
#4585
0#
#4586
1#
b10010111 '
b11010001 (
#4587
0#
#4588
1#
b10110010 '
b11011010 (
#4589
0#
#4590
1#
b11001010 '
b11100011 (
#4591
0#
#4592
1#
b11011111 '
b11101100 (
#4593
0#
#4594
1#
b11101111 '
b11110101 (
#4595
0#
#4596
1#
b11111001 '
b11111110 (
#4597
0#
#4598
1#
b11111101 '
b00000111 (
#4599
0#
#4600
1#
b11111100 '
b00010000 (
#4601
0#
#4602
1#
b11110100 '
b00011001 (
#4603
0#
#4604
1#
b11100110 '
b00100010 (
#4605
0#
#4606
1#
b11010100 '
b00101011 (
#4607
0#
#4608
1#
b10111101 '
b00110100 (
#4609
0#
#4610
1#
b10100011 '
b00111101 (
#4611
0#
#4612
1#
b10001000 '
b01000110 (
#4613
0#
#4614
1#
b01101100 '
b01001111 (
#4615
0#
#4616
1#
b01010001 '
b01011000 (
#4617
0#
#4618
1#
b00111000 '
b01100001 (
#4619
0#
#4620
1#
b00100011 '
b01101010 (
#4621
0#
#4622
1#
b00010010 '
b01110011 (
#4623
0#
#4624
1#
b00000110 '
b01111100 (
#4625
0#
#4626
1#
b00000000 '
b10000101 (
#4627
0#
#4628
1#
b10001110 (
#4629
0#
#4630
1#
b00000111 '
b10010111 (
#4631
0#
#4632
1#
b00010011 '
b10100000 (
#4633
0#
#4634
1#
b00001010 &
b00100101 '
b10101001 (
#4635
0#
#4636
1#
b00111011 '
b10110011 (
#4637
0#
#4638
1#
b01010111 '
b10111101 (
#4639
0#
#4640
1#
b01110101 '
b11000111 (
#4641
0#
#4642
1#
b10010100 '
b11010001 (
#4643
0#
#4644
1#
b10110010 '
b11011011 (
#4645
0#
#4646
1#
b11001101 '
b11100101 (
#4647
0#
#4648
1#
b11100011 '
b11101111 (
#4649
0#
#4650
1#
b11110011 '
b11111001 (
#4651
0#
#4652
1#
b11111100 '
b00000011 (
#4653
0#
#4654
1#
b11111101 '
b00001101 (
#4655
0#
#4656
1#
b11110111 '
b00010111 (
#4657
0#
#4658
1#
b11101010 '
b00100001 (
#4659
0#
#4660
1#
b11010110 '
b00101011 (
#4661
0#
#4662
1#
b10111101 '
b00110101 (
#4663
0#
#4664
1#
b10100000 '
b00111111 (
#4665
0#
#4666
1#
b10000010 '
b01001001 (
#4667
0#
#4668
1#
b01100011 '
b01010011 (
#4669
0#
#4670
1#
b01000101 '
b01011101 (
#4671
0#
#4672
1#
b00101100 '
b01100111 (
#4673
0#
#4674
1#
b00010111 '
b01110001 (
#4675
0#
#4676
1#
b00001000 '
b01111011 (
#4677
0#
#4678
1#
b00000000 '
b10000101 (
#4679
0#
#4680
1#
b10001111 (
#4681
0#
#4682
1#
b00001000 '
b10011001 (
#4683
0#
#4684
1#
b00010111 '
b10100011 (
#4685
0#
#4686
1#
b00101100 '
b10101101 (
#4687
0#
#4688
1#
b01000101 '
b10110111 (
#4689
0#
#4690
1#
b00001001 &
b01100011 '
b11000001 (
#4691
0#
#4692
1#
b10000010 '
b11001010 (
#4693
0#
#4694
1#
b10011101 '
b11010011 (
#4695
0#
#4696
1#
b10111000 '
b11011100 (
#4697
0#
#4698
1#
b11001111 '
b11100101 (
#4699
0#
#4700
1#
b11100011 '
b11101110 (
#4701
0#
#4702
1#
b11110001 '
b11110111 (
#4703
0#
#4704
1#
b11111010 '
b00000000 (
#4705
0#
#4706
1#
b00001000 &
b11111110 '
b00001001 (
#4707
0#
#4708
1#
b11111010 '
b00010001 (
#4709
0#
#4710
1#
b11110011 '
b00011001 (
#4711
0#
#4712
1#
b11100110 '
b00100001 (
#4713
0#
#4714
1#
b11010110 '
b00101001 (
#4715
0#
#4716
1#
b11000010 '
b00110001 (
#4717
0#
#4718
1#
b10101100 '
b00111001 (
#4719
0#
#4720
1#
b00000111 &
b10010100 '
b01000001 (
#4721
0#
#4722
1#
b01111011 '
b01001000 (
#4723
0#
#4724
1#
b01100110 '
b01001111 (
#4725
0#
#4726
1#
b01010001 '
b01010110 (
#4727
0#
#4728
1#
b00111101 '
b01011101 (
#4729
0#
#4730
1#
b00101100 '
b01100100 (
#4731
0#
#4732
1#
b00011100 '
b01101011 (
#4733
0#
#4734
1#
b00010000 '
b01110010 (
#4735
0#
#4736
1#
b00000110 &
b00000111 '
b01111001 (
#4737
0#
#4738
1#
b00000001 '
b01111111 (
#4739
0#
#4740
1#
b00000000 '
b10000101 (
#4741
0#
#4742
1#
b10001011 (
#4743
0#
#4744
1#
b00000100 '
b10010001 (
#4745
0#
#4746
1#
b00001010 '
b10010111 (
#4747
0#
#4748
1#
b00010011 '
b10011101 (
#4749
0#
#4750
1#
b00011110 '
b10100011 (
#4751
0#
#4752
1#
b00101100 '
b10101001 (
#4753
0#
#4754
1#
b00111011 '
b10101111 (
#4755
0#
#4756
1#
b01001011 '
b10110101 (
#4757
0#
#4758
1#
b00000101 &
b01011101 '
b10111011 (
#4759
0#
#4760
1#
b01101111 '
b11000000 (
#4761
0#
#4762
1#
b01111111 '
b11000101 (
#4763
0#
#4764
1#
b10001110 '
b11001010 (
#4765
0#
#4766
1#
b10011101 '
b11001111 (
#4767
0#
#4768
1#
b10101100 '
b11010100 (
#4769
0#
#4770
1#
b10111010 '
b11011001 (
#4771
0#
#4772
1#
b11001000 '
b11011110 (
#4773
0#
#4774
1#
b11010100 '
b11100011 (
#4775
0#
#4776
1#
b11011111 '
b11101000 (
#4777
0#
#4778
1#
b11101000 '
b11101101 (
#4779
0#
#4780
1#
b11110000 '
b11110010 (
#4781
0#
#4782
1#
b11110110 '
b11110111 (
#4783
0#
#4784
1#
b11111010 '
b11111100 (
#4785
0#
#4786
1#
b11111101 '
b00000001 (
#4787
0#
#4788
1#
b00000110 (
#4789
0#
#4790
1#
b11111100 '
b00001011 (
#4791
0#
#4792
1#
b11111001 '
b00010000 (
#4793
0#
#4794
1#
b11110100 '
b00010101 (
#4795
0#
#4796
1#
b11101101 '
b00011010 (
#4797
0#
#4798
1#
b11100101 '
b00011111 (
#4799
0#
#4800
1#
b11011010 '
b00100100 (
#4801
0#
#4802
1#
b11001111 '
b00101001 (
#4803
0#
#4804
1#
b11000010 '
b00101110 (
#4805
0#
#4806
1#
b10110101 '
b00110011 (
#4807
0#
#4808
1#
b10100110 '
b00111000 (
#4809
0#
#4810
1#
b10010111 '
b00111101 (
#4811
0#
#4812
1#
b10001000 '
b01000010 (
#4813
0#
#4814
1#
b01111000 '
b01000111 (
#4815
0#
#4816
1#
b01101001 '
b01001100 (
#4817
0#
#4818
1#
b01011010 '
b01010001 (
#4819
0#
#4820
1#
b01001011 '
b01010110 (
#4821
0#
#4822
1#
b00111101 '
b01011011 (
#4823
0#
#4824
1#
b00110000 '
b01100000 (
#4825
0#
#4826
1#
b00100101 '
b01100101 (
#4827
0#
#4828
1#
b00011010 '
b01101010 (
#4829
0#
#4830
1#
b00010010 '
b01101111 (
#4831
0#
#4832
1#
b00001010 '
b01110100 (
#4833
0#
#4834
1#
b00000101 '
b01111001 (
#4835
0#
#4836
1#
b00000001 '
b01111110 (
#4837
0#
#4838
1#
b00000000 '
b10000011 (
#4839
0#
#4840
1#
b10001000 (
#4841
0#
#4842
1#
b00000010 '
b10001101 (
#4843
0#
#4844
1#
b00000110 '
b10010010 (
#4845
0#
#4846
1#
b00001100 '
b10010111 (
#4847
0#
#4848
1#
b00010011 '
b10011100 (
#4849
0#
#4850
1#
b00011100 '
b10100001 (
#4851
0#
#4852
1#
b00100111 '
b10100110 (
#4853
0#
#4854
1#
b00110011 '
b10101011 (
#4855
0#
#4856
1#
b01000000 '
b10110000 (
#4857
0#
#4858
1#
b01001110 '
b10110101 (
#4859
0#
#4860
1#
b01011101 '
b10111010 (
#4861
0#
#4862
1#
b01101100 '
b10111111 (
#4863
0#
#4864
1#
b01111011 '
b11000100 (
#4865
0#
#4866
1#
b10001011 '
b11001001 (
#4867
0#
#4868
1#
b10011010 '
b11001110 (
#4869
0#
#4870
1#
b10101001 '
b11010011 (
#4871
0#
#4872
1#
b10111000 '
b11011000 (
#4873
0#
#4874
1#
b11000101 '
b11011101 (
#4875
0#
#4876
1#
b11010001 '
b11100010 (
#4877
0#
#4878
1#
b11011101 '
b11100111 (
#4879
0#
#4880
1#
b11100110 '
b11101100 (
#4881
0#
#4882
1#
b11101111 '
b11110001 (
#4883
0#
#4884
1#
b11110101 '
b11110110 (
#4885
0#
#4886
1#
b11111010 '
b11111011 (
#4887
0#
#4888
1#
b11111101 '
b00000000 (
#4889
0#
#4890
1#
b11111110 '
b00000101 (
#4891
0#
#4892
1#
b11111101 '
b00001010 (
#4893
0#
#4894
1#
b11111010 '
b00001111 (
#4895
0#
#4896
1#
b11110101 '
b00010100 (
#4897
0#
#4898
1#
b11101111 '
b00011001 (
#4899
0#
#4900
1#
b11100110 '
b00011110 (
#4901
0#
#4902
1#
b11011101 '
b00100011 (
#4903
0#
#4904
1#
b11010001 '
b00101000 (
#4905
0#
#4906
1#
b11000101 '
b00101101 (
#4907
0#
#4908
1#
b10111000 '
b00110010 (
#4909
0#
#4910
1#
b10101001 '
b00110111 (
#4911
0#
#4912
1#
b10011010 '
b00111100 (
#4913
0#
#4914
1#
b10001011 '
b01000001 (
#4915
0#
#4916
1#
b01111011 '
b01000110 (
#4917
0#
#4918
1#
b01101100 '
b01001011 (
#4919
0#
#4920
1#
b01011101 '
b01010000 (
#4921
0#
#4922
1#
b00000100 &
b01001110 '
b01010101 (
#4923
0#
#4924
1#
b01000000 '
b01011001 (
#4925
0#
#4926
1#
b00110101 '
b01011101 (
#4927
0#
#4928
1#
b00101100 '
b01100001 (
#4929
0#
#4930
1#
b00100011 '
b01100101 (
#4931
0#
#4932
1#
b00011010 '
b01101001 (
#4933
0#
#4934
1#
b00010011 '
b01101101 (
#4935
0#
#4936
1#
b00001101 '
b01110001 (
#4937
0#
#4938
1#
b00000011 &
b00001000 '
b01110101 (
#4939
0#
#4940
1#
b00000100 '
b01111000 (
#4941
0#
#4942
1#
b00000010 '
b01111011 (
#4943
0#
#4944
1#
b00000000 '
b01111110 (
#4945
0#
#4946
1#
b10000001 (
#4947
0#
#4948
1#
b10000100 (
#4949
0#
#4950
1#
b00000010 &
b10000111 (
#4951
0#
#4952
1#
b00000001 '
b10001001 (
#4953
0#
#4954
1#
b00000011 '
b10001011 (
#4955
0#
#4956
1#
b00000100 '
b10001101 (
#4957
0#
#4958
1#
b00000110 '
b10001111 (
#4959
0#
#4960
1#
b00000001 &
b00001000 '
b10010001 (
#4961
0#
#4962
1#
b00001010 '
b10010010 (
#4963
0#
#4964
1#
b00001100 '
b10010011 (
#4965
0#
#4966
1#
b00001101 '
b10010100 (
#4967
0#
#4968
1#
b00001110 '
b10010101 (
#4969
0#
#4970
1#
b00010000 '
b10010110 (
#4971
0#
#4972
1#
b00010010 '
b10010111 (
#4973
0#
#4974
1#
b00010011 '
b10011000 (
#4975
0#
#4976
1#
b00010101 '
b10011001 (
#4977
0#
#4978
1#
b00010111 '
b10011010 (
#4979
0#
#4980
1#
b00011000 '
b10011011 (
#4981
0#
#4982
1#
b00011010 '
b10011100 (
#4983
0#
#4984
1#
b00011100 '
b10011101 (
#4985
0#
#4986
1#
b00011110 '
b10011110 (
#4987
0#
#4988
1#
b00100000 '
b10011111 (
#4989
0#
#4990
1#
b00100011 '
b10100000 (
#4991
0#
#4992
1#
b00100101 '
b10100001 (
#4993
0#
#4994
1#
b00100111 '
b10100010 (
#4995
0#
#4996
1#
b00101001 '
b10100011 (
#4997
0#
#4998
1#
b00101100 '
b10100100 (
#4999
0#
#5000
1#
b00101110 '
b10100101 (
#5001
0#
#5002
1#
b00110000 '
b10100110 (
#5003
0#
#5004
1#
b00110011 '
b10100111 (
#5005
0#
#5006
1#
b00110101 '
b10101000 (
#5007
0#
#5008
1#
b00111000 '
b10101001 (
#5009
0#
#5010
1#
b00111011 '
b10101010 (
#5011
0#
#5012
1#
b00111101 '
b10101011 (
#5013
0#
#5014
1#
b01000000 '
b10101100 (
#5015
0#
#5016
1#
b01000011 '
b10101101 (
#5017
0#
#5018
1#
b01000101 '
b10101110 (
#5019
0#
#5020
1#
b01001000 '
b10101111 (
#5021
0#
#5022
1#
b01001011 '
b10110000 (
#5023
0#
#5024
1#
b01001110 '
b10110001 (
#5025
0#
#5026
1#
b01010001 '
b10110010 (
#5027
0#
#5028
1#
b01010100 '
b10110011 (
#5029
0#
#5030
1#
b01010111 '
b10110100 (
#5031
0#
#5032
1#
b01011010 '
b10110101 (
#5033
0#
#5034
1#
b01011101 '
b10110110 (
#5035
0#
#5036
1#
b01100000 '
b10110111 (
#5037
0#
#5038
1#
b01100011 '
b10111000 (
#5039
0#
#5040
1#
b01100110 '
b10111001 (
#5041
0#
#5042
1#
b01101001 '
b10111010 (
#5043
0#
#5044
1#
b01101100 '
b10111011 (
#5045
0#
#5046
1#
b01101111 '
b10111100 (
#5047
0#
#5048
1#
b01110010 '
b10111101 (
#5049
0#
#5050
1#
b01110101 '
b10111110 (
#5051
0#
#5052
1#
b01111000 '
b10111111 (
#5053
0#
#5054
1#
b01111011 '
b11000000 (
#5055
0#
#5056
1#
b01111111 '
b11000001 (
#5057
0#
#5058
1#
b10000010 '
b11000010 (
#5059
0#
#5060
1#
b10000101 '
b11000011 (
#5061
0#
#5062
1#
b10001000 '
b11000100 (
#5063
0#
#5064
1#
b10001011 '
b11000101 (
#5065
0#
#5066
1#
b10001110 '
b11000110 (
#5067
0#
#5068
1#
b10010001 '
b11000111 (
#5069
0#
#5070
1#
b00000010 &
b10010100 '
b11001000 (
#5071
0#
#5072
1#
b10010111 '
b11001010 (
#5073
0#
#5074
1#
b00000011 &
b10011101 '
b11001100 (
#5075
0#
#5076
1#
b10100011 '
b11001111 (
#5077
0#
#5078
1#
b10101100 '
b11010010 (
#5079
0#
#5080
1#
b00000100 &
b10110101 '
b11010101 (
#5081
0#
#5082
1#
b10111101 '
b11011001 (
#5083
0#
#5084
1#
b11001000 '
b11011101 (
#5085
0#
#5086
1#
b11010001 '
b11100001 (
#5087
0#
#5088
1#
b11011010 '
b11100101 (
#5089
0#
#5090
1#
b11100011 '
b11101001 (
#5091
0#
#5092
1#
b00000101 &
b11101010 '
b11101101 (
#5093
0#
#5094
1#
b11110000 '
b11110010 (
#5095
0#
#5096
1#
b11110110 '
b11110111 (
#5097
0#
#5098
1#
b11111010 '
b11111100 (
#5099
0#
#5100
1#
b11111101 '
b00000001 (
#5101
0#
#5102
1#
b00000110 (
#5103
0#
#5104
1#
b11111100 '
b00001011 (
#5105
0#
#5106
1#
b11111001 '
b00010000 (
#5107
0#
#5108
1#
b11110100 '
b00010101 (
#5109
0#
#5110
1#
b11101101 '
b00011010 (
#5111
0#
#5112
1#
b11100101 '
b00011111 (
#5113
0#
#5114
1#
b11011010 '
b00100100 (
#5115
0#
#5116
1#
b11001111 '
b00101001 (
#5117
0#
#5118
1#
b11000010 '
b00101110 (
#5119
0#
#5120
1#
b10110101 '
b00110011 (
#5121
0#
#5122
1#
b10100110 '
b00111000 (
#5123
0#
#5124
1#
b10010111 '
b00111101 (
#5125
0#
#5126
1#
b10001000 '
b01000010 (
#5127
0#
#5128
1#
b01111000 '
b01000111 (
#5129
0#
#5130
1#
b01101001 '
b01001100 (
#5131
0#
#5132
1#
b01011010 '
b01010001 (
#5133
0#
#5134
1#
b01001011 '
b01010110 (
#5135
0#
#5136
1#
b00111101 '
b01011011 (
#5137
0#
#5138
1#
b00110000 '
b01100000 (
#5139
0#
#5140
1#
b00100101 '
b01100101 (
#5141
0#
#5142
1#
b00011010 '
b01101010 (
#5143
0#
#5144
1#
b00010010 '
b01101111 (
#5145
0#
#5146
1#
b00001010 '
b01110100 (
#5147
0#
#5148
1#
b00000101 '
b01111001 (
#5149
0#
#5150
1#
b00000001 '
b01111110 (
#5151
0#
#5152
1#
b00000000 '
b10000011 (
#5153
0#
#5154
1#
b10001000 (
#5155
0#
#5156
1#
b00000010 '
b10001101 (
#5157
0#
#5158
1#
b00000110 '
b10010010 (
#5159
0#
#5160
1#
b00001100 '
b10010111 (
#5161
0#
#5162
1#
b00010011 '
b10011100 (
#5163
0#
#5164
1#
b00011100 '
b10100001 (
#5165
0#
#5166
1#
b00100111 '
b10100110 (
#5167
0#
#5168
1#
b00110011 '
b10101011 (
#5169
0#
#5170
1#
b01000000 '
b10110000 (
#5171
0#
#5172
1#
b01001110 '
b10110101 (
#5173
0#
#5174
1#
b01011101 '
b10111010 (
#5175
0#
#5176
1#
b01101100 '
b10111111 (
#5177
0#
#5178
1#
b01111011 '
b11000100 (
#5179
0#
#5180
1#
b10001011 '
b11001001 (
#5181
0#
#5182
1#
b10011010 '
b11001110 (
#5183
0#
#5184
1#
b10101001 '
b11010011 (
#5185
0#
#5186
1#
b10111000 '
b11011000 (
#5187
0#
#5188
1#
b11000101 '
b11011101 (
#5189
0#
#5190
1#
b11010001 '
b11100010 (
#5191
0#
#5192
1#
b11011101 '
b11100111 (
#5193
0#
#5194
1#
b11100110 '
b11101100 (
#5195
0#
#5196
1#
b11101111 '
b11110001 (
#5197
0#
#5198
1#
b11110101 '
b11110110 (
#5199
0#
#5200
1#
b11111010 '
b11111011 (
#5201
0#
#5202
1#
b11111101 '
b00000000 (
#5203
0#
#5204
1#
b00000100 &
b11111110 '
b00000101 (
#5205
0#
#5206
1#
b11111101 '
b00001001 (
#5207
0#
#5208
1#
b11111010 '
b00001101 (
#5209
0#
#5210
1#
b11110111 '
b00010001 (
#5211
0#
#5212
1#
b11110011 '
b00010101 (
#5213
0#
#5214
1#
b11101101 '
b00011001 (
#5215
0#
#5216
1#
b11100110 '
b00011101 (
#5217
0#
#5218
1#
b11011111 '
b00100001 (
#5219
0#
#5220
1#
b00000011 &
b11010110 '
b00100101 (
#5221
0#
#5222
1#
b11001101 '
b00101000 (
#5223
0#
#5224
1#
b11000101 '
b00101011 (
#5225
0#
#5226
1#
b10111101 '
b00101110 (
#5227
0#
#5228
1#
b10110101 '
b00110001 (
#5229
0#
#5230
1#
b10101100 '
b00110100 (
#5231
0#
#5232
1#
b10100011 '
b00110111 (
#5233
0#
#5234
1#
b00000010 &
b10011010 '
b00111010 (
#5235
0#
#5236
1#
b10010001 '
b00111100 (
#5237
0#
#5238
1#
b10001011 '
b00111110 (
#5239
0#
#5240
1#
b10000101 '
b01000000 (
#5241
0#
#5242
1#
b00000001 &
b01111110 '
b01000010 (
#5243
0#
#5244
1#
b01111000 '
b01000011 (
#5245
0#
#5246
1#
b01110101 '
b01000100 (
#5247
0#
#5248
1#
b01110010 '
b01000101 (
#5249
0#
#5250
1#
b01101111 '
b01000110 (
#5251
0#
#5252
1#
b01101100 '
b01000111 (
#5253
0#
#5254
1#
b01101001 '
b01001000 (
#5255
0#
#5256
1#
b01100110 '
b01001001 (
#5257
0#
#5258
1#
b01100011 '
b01001010 (
#5259
0#
#5260
1#
b01100000 '
b01001011 (
#5261
0#
#5262
1#
b01011101 '
b01001100 (
#5263
0#
#5264
1#
b01011010 '
b01001101 (
#5265
0#
#5266
1#
b01010111 '
b01001110 (
#5267
0#
#5268
1#
b01010100 '
b01001111 (
#5269
0#
#5270
1#
b01010001 '
b01010000 (
#5271
0#
#5272
1#
b01001110 '
b01010001 (
#5273
0#
#5274
1#
b01001011 '
b01010010 (
#5275
0#
#5276
1#
b01001000 '
b01010011 (
#5277
0#
#5278
1#
b01000101 '
b01010100 (
#5279
0#
#5280
1#
b01000011 '
b01010101 (
#5281
0#
#5282
1#
b01000000 '
b01010110 (
#5283
0#
#5284
1#
b00111101 '
b01010111 (
#5285
0#
#5286
1#
b00111011 '
b01011000 (
#5287
0#
#5288
1#
b00111000 '
b01011001 (
#5289
0#
#5290
1#
b00110101 '
b01011010 (
#5291
0#
#5292
1#
b00110011 '
b01011011 (
#5293
0#
#5294
1#
b00110000 '
b01011100 (
#5295
0#
#5296
1#
b00101110 '
b01011101 (
#5297
0#
#5298
1#
b00101100 '
b01011110 (
#5299
0#
#5300
1#
b00101001 '
b01011111 (
#5301
0#
#5302
1#
b00100111 '
b01100000 (
#5303
0#
#5304
1#
b00100101 '
b01100001 (
#5305
0#
#5306
1#
b00100011 '
b01100010 (
#5307
0#
#5308
1#
b00100000 '
b01100011 (
#5309
0#
#5310
1#
b00011110 '
b01100100 (
#5311
0#
#5312
1#
b00011100 '
b01100101 (
#5313
0#
#5314
1#
b00011010 '
b01100110 (
#5315
0#
#5316
1#
b00011000 '
b01100111 (
#5317
0#
#5318
1#
b00010111 '
b01101000 (
#5319
0#
#5320
1#
b00010101 '
b01101001 (
#5321
0#
#5322
1#
b00010011 '
b01101010 (
#5323
0#
#5324
1#
b00010010 '
b01101011 (
#5325
0#
#5326
1#
b00010000 '
b01101100 (
#5327
0#
#5328
1#
b00001110 '
b01101101 (
#5329
0#
#5330
1#
b00001101 '
b01101110 (
#5331
0#
#5332
1#
b00001100 '
b01101111 (
#5333
0#
#5334
1#
b00001010 '
b01110000 (
#5335
0#
#5336
1#
b00001001 '
b01110001 (
#5337
0#
#5338
1#
b00001000 '
b01110010 (
#5339
0#
#5340
1#
b00000111 '
b01110011 (
#5341
0#
#5342
1#
b00000110 '
b01110100 (
#5343
0#
#5344
1#
b00000101 '
b01110101 (
#5345
0#
#5346
1#
b00000100 '
b01110110 (
#5347
0#
#5348
1#
b00000011 '
b01110111 (
#5349
0#
#5350
1#
b01111000 (
#5351
0#
#5352
1#
b00000010 '
b01111001 (
#5353
0#
#5354
1#
b00000001 '
b01111010 (
#5355
0#
#5356
1#
b01111011 (
#5357
0#
#5358
1#
b00000000 '
b01111100 (
#5359
0#
#5360
1#
b01111101 (
#5361
0#
#5362
1#
b01111110 (
#5363
0#
#5364
1#
b01111111 (
#5365
0#
#5366
1#
b10000000 (
#5367
0#
#5368
1#
b10000001 (
#5369
0#
#5370
1#
b10000010 (
#5371
0#
#5372
1#
b10000011 (
#5373
0#
#5374
1#
b10000100 (
#5375
0#
#5376
1#
b10000101 (
#5377
0#
#5378
1#
b10000110 (
#5379
0#
#5380
1#
b00000001 '
b10000111 (
#5381
0#
#5382
1#
b10001000 (
#5383
0#
#5384
1#
b00000010 '
b10001001 (
#5385
0#
#5386
1#
b00000011 '
b10001010 (
#5387
0#
#5388
1#
b10001011 (
#5389
0#
#5390
1#
b00000100 '
b10001100 (
#5391
0#
#5392
1#
b00000101 '
b10001101 (
#5393
0#
#5394
1#
b00000110 '
b10001110 (
#5395
0#
#5396
1#
b00000111 '
b10001111 (
#5397
0#
#5398
1#
b00001000 '
b10010000 (
#5399
0#
#5400
1#
b00001001 '
b10010001 (
#5401
0#
#5402
1#
b00001010 '
b10010010 (
#5403
0#
#5404
1#
b00000010 &
b00001100 '
b10010011 (
#5405
0#
#5406
1#
b00001101 '
b10010101 (
#5407
0#
#5408
1#
b00010000 '
b10010111 (
#5409
0#
#5410
1#
b00010011 '
b10011001 (
#5411
0#
#5412
1#
b00010111 '
b10011011 (
#5413
0#
#5414
1#
b00011010 '
b10011101 (
#5415
0#
#5416
1#
b00011110 '
b10011111 (
#5417
0#
#5418
1#
b00100011 '
b10100001 (
#5419
0#
#5420
1#
b00100111 '
b10100011 (
#5421
0#
#5422
1#
b00101100 '
b10100101 (
#5423
0#
#5424
1#
b00110000 '
b10100111 (
#5425
0#
#5426
1#
b00110101 '
b10101001 (
#5427
0#
#5428
1#
b00111011 '
b10101011 (
#5429
0#
#5430
1#
b01000000 '
b10101101 (
#5431
0#
#5432
1#
b01000101 '
b10101111 (
#5433
0#
#5434
1#
b01001011 '
b10110001 (
#5435
0#
#5436
1#
b01010001 '
b10110011 (
#5437
0#
#5438
1#
b01010111 '
b10110101 (
#5439
0#
#5440
1#
b01011101 '
b10110111 (
#5441
0#
#5442
1#
b01100011 '
b10111001 (
#5443
0#
#5444
1#
b01101001 '
b10111011 (
#5445
0#
#5446
1#
b01101111 '
b10111101 (
#5447
0#
#5448
1#
b00000011 &
b01110101 '
b10111111 (
#5449
0#
#5450
1#
b01111011 '
b11000010 (
#5451
0#
#5452
1#
b10000101 '
b11000101 (
#5453
0#
#5454
1#
b10001110 '
b11001000 (
#5455
0#
#5456
1#
b10010111 '
b11001011 (
#5457
0#
#5458
1#
b10100000 '
b11001110 (
#5459
0#
#5460
1#
b10101001 '
b11010001 (
#5461
0#
#5462
1#
b10110010 '
b11010100 (
#5463
0#
#5464
1#
b10111010 '
b11010111 (
#5465
0#
#5466
1#
b11000010 '
b11011010 (
#5467
0#
#5468
1#
b11001010 '
b11011101 (
#5469
0#
#5470
1#
b11010001 '
b11100000 (
#5471
0#
#5472
1#
b11011000 '
b11100011 (
#5473
0#
#5474
1#
b11011111 '
b11100110 (
#5475
0#
#5476
1#
b11100101 '
b11101001 (
#5477
0#
#5478
1#
b11101010 '
b11101100 (
#5479
0#
#5480
1#
b11101111 '
b11101111 (
#5481
0#
#5482
1#
b11110011 '
b11110010 (
#5483
0#
#5484
1#
b11110110 '
b11110101 (
#5485
0#
#5486
1#
b11111001 '
b11111000 (
#5487
0#
#5488
1#
b11111011 '
b11111011 (
#5489
0#
#5490
1#
b11111101 '
b11111110 (
#5491
0#
#5492
1#
b00000001 (
#5493
0#
#5494
1#
b00000100 (
#5495
0#
#5496
1#
b00000111 (
#5497
0#
#5498
1#
b11111100 '
b00001010 (
#5499
0#
#5500
1#
b11111010 '
b00001101 (
#5501
0#
#5502
1#
b00000100 &
b11110111 '
b00010000 (
#5503
0#
#5504
1#
b11110100 '
b00010100 (
#5505
0#
#5506
1#
b11101111 '
b00011000 (
#5507
0#
#5508
1#
b11101000 '
b00011100 (
#5509
0#
#5510
1#
b11100001 '
b00100000 (
#5511
0#
#5512
1#
b11011000 '
b00100100 (
#5513
0#
#5514
1#
b11001111 '
b00101000 (
#5515
0#
#5516
1#
b11000101 '
b00101100 (
#5517
0#
#5518
1#
b10111010 '
b00110000 (
#5519
0#
#5520
1#
b10101111 '
b00110100 (
#5521
0#
#5522
1#
b10100011 '
b00111000 (
#5523
0#
#5524
1#
b10010111 '
b00111100 (
#5525
0#
#5526
1#
b10001011 '
b01000000 (
#5527
0#
#5528
1#
b01111110 '
b01000100 (
#5529
0#
#5530
1#
b01110010 '
b01001000 (
#5531
0#
#5532
1#
b01100110 '
b01001100 (
#5533
0#
#5534
1#
b01011010 '
b01010000 (
#5535
0#
#5536
1#
b01001110 '
b01010100 (
#5537
0#
#5538
1#
b01000011 '
b01011000 (
#5539
0#
#5540
1#
b00111000 '
b01011100 (
#5541
0#
#5542
1#
b00101110 '
b01100000 (
#5543
0#
#5544
1#
b00100101 '
b01100100 (
#5545
0#
#5546
1#
b00011100 '
b01101000 (
#5547
0#
#5548
1#
b00010101 '
b01101100 (
#5549
0#
#5550
1#
b00001110 '
b01110000 (
#5551
0#
#5552
1#
b00001001 '
b01110100 (
#5553
0#
#5554
1#
b00000101 '
b01111000 (
#5555
0#
#5556
1#
b00000010 '
b01111100 (
#5557
0#
#5558
1#
b00000101 &
b00000000 '
b10000000 (
#5559
0#
#5560
1#
b10000101 (
#5561
0#
#5562
1#
b10001010 (
#5563
0#
#5564
1#
b00000011 '
b10001111 (
#5565
0#
#5566
1#
b00001000 '
b10010100 (
#5567
0#
#5568
1#
b00001110 '
b10011001 (
#5569
0#
#5570
1#
b00010111 '
b10011110 (
#5571
0#
#5572
1#
b00100000 '
b10100011 (
#5573
0#
#5574
1#
b00101100 '
b10101000 (
#5575
0#
#5576
1#
b00111000 '
b10101101 (
#5577
0#
#5578
1#
b01000101 '
b10110010 (
#5579
0#
#5580
1#
b01010100 '
b10110111 (
#5581
0#
#5582
1#
b01100011 '
b10111100 (
#5583
0#
#5584
1#
b01110010 '
b11000001 (
#5585
0#
#5586
1#
b00000110 &
b10000010 '
b11000110 (
#5587
0#
#5588
1#
b10010001 '
b11001100 (
#5589
0#
#5590
1#
b10100011 '
b11010010 (
#5591
0#
#5592
1#
b10110101 '
b11011000 (
#5593
0#
#5594
1#
b11000101 '
b11011110 (
#5595
0#
#5596
1#
b11010100 '
b11100100 (
#5597
0#
#5598
1#
b11100001 '
b11101010 (
#5599
0#
#5600
1#
b11101011 '
b11110000 (
#5601
0#
#5602
1#
b11110100 '
b11110110 (
#5603
0#
#5604
1#
b11111010 '
b11111100 (
#5605
0#
#5606
1#
b11111101 '
b00000010 (
#5607
0#
#5608
1#
b00001000 (
#5609
0#
#5610
1#
b00000111 &
b11111011 '
b00001110 (
#5611
0#
#5612
1#
b11110110 '
b00010101 (
#5613
0#
#5614
1#
b11101101 '
b00011100 (
#5615
0#
#5616
1#
b11100001 '
b00100011 (
#5617
0#
#5618
1#
b11010001 '
b00101010 (
#5619
0#
#5620
1#
b11000000 '
b00110001 (
#5621
0#
#5622
1#
b10101100 '
b00111000 (
#5623
0#
#5624
1#
b10010111 '
b00111111 (
#5625
0#
#5626
1#
b10000010 '
b01000110 (
#5627
0#
#5628
1#
b01101100 '
b01001101 (
#5629
0#
#5630
1#
b01010111 '
b01010100 (
#5631
0#
#5632
1#
b01000011 '
b01011011 (
#5633
0#
#5634
1#
b00110000 '
b01100010 (
#5635
0#
#5636
1#
b00100000 '
b01101001 (
#5637
0#
#5638
1#
b00001000 &
b00010011 '
b01110000 (
#5639
0#
#5640
1#
b00001001 '
b01111000 (
#5641
0#
#5642
1#
b00000010 '
b10000000 (
#5643
0#
#5644
1#
b00000000 '
b10001000 (
#5645
0#
#5646
1#
b00000010 '
b10010000 (
#5647
0#
#5648
1#
b00001001 '
b10011000 (
#5649
0#
#5650
1#
b00010101 '
b10100000 (
#5651
0#
#5652
1#
b00100101 '
b10101000 (
#5653
0#
#5654
1#
b00111000 '
b10110000 (
#5655
0#
#5656
1#
b00001001 &
b01001110 '
b10111000 (
#5657
0#
#5658
1#
b01100110 '
b11000001 (
#5659
0#
#5660
1#
b10000010 '
b11001010 (
#5661
0#
#5662
1#
b10011101 '
b11010011 (
#5663
0#
#5664
1#
b10111000 '
b11011100 (
#5665
0#
#5666
1#
b11001111 '
b11100101 (
#5667
0#
#5668
1#
b11100011 '
b11101110 (
#5669
0#
#5670
1#
b11110001 '
b11110111 (
#5671
0#
#5672
1#
b11111010 '
b00000000 (
#5673
0#
#5674
1#
b11111110 '
b00001001 (
#5675
0#
#5676
1#
b11111010 '
b00010010 (
#5677
0#
#5678
1#
b11110001 '
b00011011 (
#5679
0#
#5680
1#
b11100011 '
b00100100 (
#5681
0#
#5682
1#
b11001111 '
b00101101 (
#5683
0#
#5684
1#
b10111000 '
b00110110 (
#5685
0#
#5686
1#
b10011101 '
b00111111 (
#5687
0#
#5688
1#
b10000010 '
b01001000 (
#5689
0#
#5690
1#
b01100110 '
b01010001 (
#5691
0#
#5692
1#
b01001011 '
b01011010 (
#5693
0#
#5694
1#
b00110011 '
b01100011 (
#5695
0#
#5696
1#
b00011110 '
b01101100 (
#5697
0#
#5698
1#
b00001110 '
b01110101 (
#5699
0#
#5700
1#
b00000100 '
b01111110 (
#5701
0#
#5702
1#
b00000000 '
b10000111 (
#5703
0#
#5704
1#
b00000001 '
b10010000 (
#5705
0#
#5706
1#
b00001001 '
b10011001 (
#5707
0#
#5708
1#
b00010111 '
b10100010 (
#5709
0#
#5710
1#
b00101001 '
b10101011 (
#5711
0#
#5712
1#
b01000000 '
b10110100 (
#5713
0#
#5714
1#
b01011010 '
b10111101 (
#5715
0#
#5716
1#
b01110101 '
b11000110 (
#5717
0#
#5718
1#
b10010001 '
b11001111 (
#5719
0#
#5720
1#
b10101100 '
b11011000 (
#5721
0#
#5722
1#
b11000101 '
b11100001 (
#5723
0#
#5724
1#
b11011010 '
b11101010 (
#5725
0#
#5726
1#
b11101011 '
b11110011 (
#5727
0#
#5728
1#
b11110111 '
b11111100 (
#5729
0#
#5730
1#
b11111101 '
b00000101 (
#5731
0#
#5732
1#
b00001110 (
#5733
0#
#5734
1#
b11110110 '
b00010111 (
#5735
0#
#5736
1#
b11101010 '
b00100000 (
#5737
0#
#5738
1#
b11011000 '
b00101001 (
#5739
0#
#5740
1#
b11000010 '
b00110010 (
#5741
0#
#5742
1#
b10101001 '
b00111011 (
#5743
0#
#5744
1#
b10001110 '
b01000100 (
#5745
0#
#5746
1#
b01110010 '
b01001101 (
#5747
0#
#5748
1#
b01010111 '
b01010110 (
#5749
0#
#5750
1#
b00111101 '
b01011111 (
#5751
0#
#5752
1#
b00100111 '
b01101000 (
#5753
0#
#5754
1#
b00010101 '
b01110001 (
#5755
0#
#5756
1#
b00001000 '
b01111010 (
#5757
0#
#5758
1#
b00000001 '
b10000011 (
#5759
0#
#5760
1#
b00000000 '
b10001100 (
#5761
0#
#5762
1#
b00000101 '
b10010101 (
#5763
0#
#5764
1#
b00010000 '
b10011110 (
#5765
0#
#5766
1#
b00100000 '
b10100111 (
#5767
0#
#5768
1#
b00110101 '
b10110000 (
#5769
0#
#5770
1#
b01001110 '
b10111001 (
#5771
0#
#5772
1#
b01101001 '
b11000010 (
#5773
0#
#5774
1#
b10000101 '
b11001011 (
#5775
0#
#5776
1#
b10100000 '
b11010100 (
#5777
0#
#5778
1#
b10111010 '
b11011101 (
#5779
0#
#5780
1#
b11010001 '
b11100110 (
#5781
0#
#5782
1#
b11100101 '
b11101111 (
#5783
0#
#5784
1#
b11110011 '
b11111000 (
#5785
0#
#5786
1#
b11111011 '
b00000001 (
#5787
0#
#5788
1#
b11111101 '
b00001010 (
#5789
0#
#5790
1#
b11111010 '
b00010011 (
#5791
0#
#5792
1#
b11110000 '
b00011100 (
#5793
0#
#5794
1#
b11100001 '
b00100101 (
#5795
0#
#5796
1#
b11001101 '
b00101110 (
#5797
0#
#5798
1#
b10110101 '
b00110111 (
#5799
0#
#5800
1#
b10011010 '
b01000000 (
#5801
0#
#5802
1#
b01111110 '
b01001001 (
#5803
0#
#5804
1#
b01100011 '
b01010010 (
#5805
0#
#5806
1#
b01001000 '
b01011011 (
#5807
0#
#5808
1#
b00110000 '
b01100100 (
#5809
0#
#5810
1#
b00011100 '
b01101101 (
#5811
0#
#5812
1#
b00001101 '
b01110110 (
#5813
0#
#5814
1#
b00000011 '
b01111111 (
#5815
0#
#5816
1#
b00000000 '
b10001000 (
#5817
0#
#5818
1#
b00000010 '
b10010001 (
#5819
0#
#5820
1#
b00001010 '
b10011010 (
#5821
0#
#5822
1#
b00011000 '
b10100011 (
#5823
0#
#5824
1#
b00101100 '
b10101100 (
#5825
0#
#5826
1#
b01000011 '
b10110101 (
#5827
0#
#5828
1#
b01011101 '
b10111110 (
#5829
0#
#5830
1#
b01111000 '
b11000111 (
#5831
0#
#5832
1#
b10010100 '
b11010000 (
#5833
0#
#5834
1#
b10101111 '
b11011001 (
#5835
0#
#5836
1#
b11001000 '
b11100010 (
#5837
0#
#5838
1#
b11011101 '
b11101011 (
#5839
0#
#5840
1#
b11101101 '
b11110100 (
#5841
0#
#5842
1#
b11111000 '
b11111101 (
#5843
0#
#5844
1#
b11111101 '
b00000110 (
#5845
0#
#5846
1#
b11111100 '
b00001111 (
#5847
0#
#5848
1#
b11110101 '
b00011000 (
#5849
0#
#5850
1#
b11101000 '
b00100001 (
#5851
0#
#5852
1#
b11010110 '
b00101010 (
#5853
0#
#5854
1#
b11000000 '
b00110011 (
#5855
0#
#5856
1#
b10100110 '
b00111100 (
#5857
0#
#5858
1#
b10001011 '
b01000101 (
#5859
0#
#5860
1#
b01101111 '
b01001110 (
#5861
0#
#5862
1#
b01010100 '
b01010111 (
#5863
0#
#5864
1#
b00111011 '
b01100000 (
#5865
0#
#5866
1#
b00100101 '
b01101001 (
#5867
0#
#5868
1#
b00010011 '
b01110010 (
#5869
0#
#5870
1#
b00000111 '
b01111011 (
#5871
0#
#5872
1#
b00000000 '
b10000100 (
#5873
0#
#5874
1#
b10001101 (
#5875
0#
#5876
1#
b00000110 '
b10010110 (
#5877
0#
#5878
1#
b00010010 '
b10011111 (
#5879
0#
#5880
1#
b00100011 '
b10101000 (
#5881
0#
#5882
1#
b00111000 '
b10110001 (
#5883
0#
#5884
1#
b01010001 '
b10111010 (
#5885
0#
#5886
1#
b01101100 '
b11000011 (
#5887
0#
#5888
1#
b10001000 '
b11001100 (
#5889
0#
#5890
1#
b10100011 '
b11010101 (
#5891
0#
#5892
1#
b10111101 '
b11011110 (
#5893
0#
#5894
1#
b11010100 '
b11100111 (
#5895
0#
#5896
1#
b11100110 '
b11110000 (
#5897
0#
#5898
1#
b11110100 '
b11111001 (
#5899
0#
#5900
1#
b11111100 '
b00000010 (
#5901
0#
#5902
1#
b11111101 '
b00001011 (
#5903
0#
#5904
1#
b11111001 '
b00010100 (
#5905
0#
#5906
1#
b11101111 '
b00011101 (
#5907
0#
#5908
1#
b11011111 '
b00100110 (
#5909
0#
#5910
1#
b11001010 '
b00101111 (
#5911
0#
#5912
1#
b10110010 '
b00111000 (
#5913
0#
#5914
1#
b10010111 '
b01000001 (
#5915
0#
#5916
1#
b01111011 '
b01001010 (
#5917
0#
#5918
1#
b01100000 '
b01010011 (
#5919
0#
#5920
1#
b01000101 '
b01011100 (
#5921
0#
#5922
1#
b00101110 '
b01100101 (
#5923
0#
#5924
1#
b00011010 '
b01101110 (
#5925
0#
#5926
1#
b00001100 '
b01110111 (
#5927
0#
#5928
1#
b00000011 '
b10000000 (
#5929
0#
#5930
1#
b00000000 '
b10001001 (
#5931
0#
#5932
1#
b00000011 '
b10010010 (
#5933
0#
#5934
1#
b00001100 '
b10011011 (
#5935
0#
#5936
1#
b00011010 '
b10100100 (
#5937
0#
#5938
1#
b00101110 '
b10101101 (
#5939
0#
#5940
1#
b01000101 '
b10110110 (
#5941
0#
#5942
1#
b01100000 '
b10111111 (
#5943
0#
#5944
1#
b01111011 '
b11001000 (
#5945
0#
#5946
1#
b10010111 '
b11010001 (
#5947
0#
#5948
1#
b10110010 '
b11011010 (
#5949
0#
#5950
1#
b11001010 '
b11100011 (
#5951
0#
#5952
1#
b11011111 '
b11101100 (
#5953
0#
#5954
1#
b11101111 '
b11110101 (
#5955
0#
#5956
1#
b11111001 '
b11111110 (
#5957
0#
#5958
1#
b11111101 '
b00000111 (
#5959
0#
#5960
1#
b11111100 '
b00010000 (
#5961
0#
#5962
1#
b11110100 '
b00011001 (
#5963
0#
#5964
1#
b11100110 '
b00100010 (
#5965
0#
#5966
1#
b11010100 '
b00101011 (
#5967
0#
#5968
1#
b10111101 '
b00110100 (
#5969
0#
#5970
1#
b10100011 '
b00111101 (
#5971
0#
#5972
1#
b10001000 '
b01000110 (
#5973
0#
#5974
1#
b01101100 '
b01001111 (
#5975
0#
#5976
1#
b01010001 '
b01011000 (
#5977
0#
#5978
1#
b00111000 '
b01100001 (
#5979
0#
#5980
1#
b00100011 '
b01101010 (
#5981
0#
#5982
1#
b00010010 '
b01110011 (
#5983
0#
#5984
1#
b00000110 '
b01111100 (
#5985
0#
#5986
1#
b00000000 '
b10000101 (
#5987
0#
#5988
1#
b10001110 (
#5989
0#
#5990
1#
b00000111 '
b10010111 (
#5991
0#
#5992
1#
b00010011 '
b10100000 (
#5993
0#
#5994
1#
b00100101 '
b10101001 (
#5995
0#
#5996
1#
b00111011 '
b10110010 (
#5997
0#
#5998
1#
b01010100 '
b10111011 (
#5999
0#
#6000
1#
b01101111 '
b11000100 (
#6001
0#
#6002
1#
b10001011 '
b11001101 (
#6003
0#
#6004
1#
b10100110 '
b11010110 (
#6005
0#
#6006
1#
b11000000 '
b11011111 (
#6007
0#
#6008
1#
b11010110 '
b11101000 (
#6009
0#
#6010
1#
b11101000 '
b11110001 (
#6011
0#
#6012
1#
b11110101 '
b11111010 (
#6013
0#
#6014
1#
b11111100 '
b00000011 (
#6015
0#
#6016
1#
b11111101 '
b00001100 (
#6017
0#
#6018
1#
b11111000 '
b00010101 (
#6019
0#
#6020
1#
b11101101 '
b00011110 (
#6021
0#
#6022
1#
b11011101 '
b00100111 (
#6023
0#
#6024
1#
b11001000 '
b00110000 (
#6025
0#
#6026
1#
b10101111 '
b00111001 (
#6027
0#
#6028
1#
b10010100 '
b01000010 (
#6029
0#
#6030
1#
b01111000 '
b01001011 (
#6031
0#
#6032
1#
b01011101 '
b01010100 (
#6033
0#
#6034
1#
b01000011 '
b01011101 (
#6035
0#
#6036
1#
b00101100 '
b01100110 (
#6037
0#
#6038
1#
b00011000 '
b01101111 (
#6039
0#
#6040
1#
b00001010 '
b01111000 (
#6041
0#
#6042
1#
b00000010 '
b10000001 (
#6043
0#
#6044
1#
b00000000 '
b10001010 (
#6045
0#
#6046
1#
b00000011 '
b10010011 (
#6047
0#
#6048
1#
b00001101 '
b10011100 (
#6049
0#
#6050
1#
b00011100 '
b10100101 (
#6051
0#
#6052
1#
b00110000 '
b10101110 (
#6053
0#
#6054
1#
b01001000 '
b10110111 (
#6055
0#
#6056
1#
b01100011 '
b11000000 (
#6057
0#
#6058
1#
b01111111 '
b11001001 (
#6059
0#
#6060
1#
b10011010 '
b11010010 (
#6061
0#
#6062
1#
b10110101 '
b11011011 (
#6063
0#
#6064
1#
b11001101 '
b11100100 (
#6065
0#
#6066
1#
b11100001 '
b11101101 (
#6067
0#
#6068
1#
b11110000 '
b11110110 (
#6069
0#
#6070
1#
b11111010 '
b11111111 (
#6071
0#
#6072
1#
b11111101 '
b00001000 (
#6073
0#
#6074
1#
b11111011 '
b00010001 (
#6075
0#
#6076
1#
b11110011 '
b00011010 (
#6077
0#
#6078
1#
b11100101 '
b00100011 (
#6079
0#
#6080
1#
b11010001 '
b00101100 (
#6081
0#
#6082
1#
b10111010 '
b00110101 (
#6083
0#
#6084
1#
b10100000 '
b00111110 (
#6085
0#
#6086
1#
b10000101 '
b01000111 (
#6087
0#
#6088
1#
b01101001 '
b01010000 (
#6089
0#
#6090
1#
b01001110 '
b01011001 (
#6091
0#
#6092
1#
b00110101 '
b01100010 (
#6093
0#
#6094
1#
b00100000 '
b01101011 (
#6095
0#
#6096
1#
b00010000 '
b01110100 (
#6097
0#
#6098
1#
b00000101 '
b01111101 (
#6099
0#
#6100
1#
b00000000 '
b10000110 (
#6101
0#
#6102
1#
b00000001 '
b10001111 (
#6103
0#
#6104
1#
b00001000 '
b10011000 (
#6105
0#
#6106
1#
b00010101 '
b10100001 (
#6107
0#
#6108
1#
b00100111 '
b10101010 (
#6109
0#
#6110
1#
b00111101 '
b10110011 (
#6111
0#
#6112
1#
b01010111 '
b10111100 (
#6113
0#
#6114
1#
b01110010 '
b11000101 (
#6115
0#
#6116
1#
b10001110 '
b11001110 (
#6117
0#
#6118
1#
b10101001 '
b11010111 (
#6119
0#
#6120
1#
b11000010 '
b11100000 (
#6121
0#
#6122
1#
b11011000 '
b11101001 (
#6123
0#
#6124
1#
b11101010 '
b11110010 (
#6125
0#
#6126
1#
b11110110 '
b11111011 (
#6127
0#
#6128
1#
b11111101 '
b00000100 (
#6129
0#
#6130
1#
b00001101 (
#6131
0#
#6132
1#
b11110111 '
b00010110 (
#6133
0#
#6134
1#
b11101011 '
b00011111 (
#6135
0#
#6136
1#
b11011010 '
b00101000 (
#6137
0#
#6138
1#
b11000101 '
b00110001 (
#6139
0#
#6140
1#
b10101100 '
b00111010 (
#6141
0#
#6142
1#
b10010001 '
b01000011 (
#6143
0#
#6144
1#
b01110101 '
b01001100 (
#6145
0#
#6146
1#
b01011010 '
b01010101 (
#6147
0#
#6148
1#
b01000000 '
b01011110 (
#6149
0#
#6150
1#
b00101001 '
b01100111 (
#6151
0#
#6152
1#
b00010111 '
b01110000 (
#6153
0#
#6154
1#
b00001001 '
b01111001 (
#6155
0#
#6156
1#
b00000001 '
b10000010 (
#6157
0#
#6158
1#
b00000000 '
b10001011 (
#6159
0#
#6160
1#
b00000100 '
b10010100 (
#6161
0#
#6162
1#
b00001110 '
b10011101 (
#6163
0#
#6164
1#
b00011110 '
b10100110 (
#6165
0#
#6166
1#
b00110011 '
b10101111 (
#6167
0#
#6168
1#
b01001011 '
b10111000 (
#6169
0#
#6170
1#
b01100110 '
b11000001 (
#6171
0#
#6172
1#
b10000010 '
b11001010 (
#6173
0#
#6174
1#
b10011101 '
b11010011 (
#6175
0#
#6176
1#
b10111000 '
b11011100 (
#6177
0#
#6178
1#
b11001111 '
b11100101 (
#6179
0#
#6180
1#
b11100011 '
b11101110 (
#6181
0#
#6182
1#
b11110001 '
b11110111 (
#6183
0#
#6184
1#
b11111010 '
b00000000 (
#6185
0#
#6186
1#
b11111110 '
b00001001 (
#6187
0#
#6188
1#
b11111010 '
b00010010 (
#6189
0#
#6190
1#
b11110001 '
b00011011 (
#6191
0#
#6192
1#
b11100011 '
b00100100 (
#6193
0#
#6194
1#
b11001111 '
b00101101 (
#6195
0#
#6196
1#
b10111000 '
b00110110 (
#6197
0#
#6198
1#
b10011101 '
b00111111 (
#6199
0#
#6200
1#
b10000010 '
b01001000 (
#6201
0#
#6202
1#
b01100110 '
b01010001 (
#6203
0#
#6204
1#
b01001011 '
b01011010 (
#6205
0#
#6206
1#
b00110011 '
b01100011 (
#6207
0#
#6208
1#
b00011110 '
b01101100 (
#6209
0#
#6210
1#
b00001110 '
b01110101 (
#6211
0#
#6212
1#
b00000100 '
b01111110 (
#6213
0#
#6214
1#
b00000000 '
b10000111 (
#6215
0#
#6216
1#
b00000001 '
b10010000 (
#6217
0#
#6218
1#
b00001001 '
b10011001 (
#6219
0#
#6220
1#
b00010111 '
b10100010 (
#6221
0#
#6222
1#
b00101001 '
b10101011 (
#6223
0#
#6224
1#
b01000000 '
b10110100 (
#6225
0#
#6226
1#
b01011010 '
b10111101 (
#6227
0#
#6228
1#
b01110101 '
b11000110 (
#6229
0#
#6230
1#
b10010001 '
b11001111 (
#6231
0#
#6232
1#
b10101100 '
b11011000 (
#6233
0#
#6234
1#
b11000101 '
b11100001 (
#6235
0#
#6236
1#
b11011010 '
b11101010 (
#6237
0#
#6238
1#
b11101011 '
b11110011 (
#6239
0#
#6240
1#
b11110111 '
b11111100 (
#6241
0#
#6242
1#
b11111101 '
b00000101 (
#6243
0#
#6244
1#
b00001110 (
#6245
0#
#6246
1#
b11110110 '
b00010111 (
#6247
0#
#6248
1#
b11101010 '
b00100000 (
#6249
0#
#6250
1#
b11011000 '
b00101001 (
#6251
0#
#6252
1#
b11000010 '
b00110010 (
#6253
0#
#6254
1#
b10101001 '
b00111011 (
#6255
0#
#6256
1#
b10001110 '
b01000100 (
#6257
0#
#6258
1#
b01110010 '
b01001101 (
#6259
0#
#6260
1#
b01010111 '
b01010110 (
#6261
0#
#6262
1#
b00111101 '
b01011111 (
#6263
0#
#6264
1#
b00100111 '
b01101000 (
#6265
0#
#6266
1#
b00010101 '
b01110001 (
#6267
0#
#6268
1#
b00001000 '
b01111010 (
#6269
0#
#6270
1#
b00000001 '
b10000011 (
#6271
0#
#6272
1#
b00000000 '
b10001100 (
#6273
0#
#6274
1#
b00000101 '
b10010101 (
#6275
0#
#6276
1#
b00010000 '
b10011110 (
#6277
0#
#6278
1#
b00100000 '
b10100111 (
#6279
0#
#6280
1#
b00110101 '
b10110000 (
#6281
0#
#6282
1#
b01001110 '
b10111001 (
#6283
0#
#6284
1#
b01101001 '
b11000010 (
#6285
0#
#6286
1#
b10000101 '
b11001011 (
#6287
0#
#6288
1#
b10100000 '
b11010100 (
#6289
0#
#6290
1#
b10111010 '
b11011101 (
#6291
0#
#6292
1#
b11010001 '
b11100110 (
#6293
0#
#6294
1#
b11100101 '
b11101111 (
#6295
0#
#6296
1#
b11110011 '
b11111000 (
#6297
0#
#6298
1#
b11111011 '
b00000001 (
#6299
0#
#6300
1#
b11111101 '
b00001010 (
#6301
0#
#6302
1#
b11111010 '
b00010011 (
#6303
0#
#6304
1#
b11110000 '
b00011100 (
#6305
0#
#6306
1#
b11100001 '
b00100101 (
#6307
0#
#6308
1#
b11001101 '
b00101110 (
#6309
0#
#6310
1#
b10110101 '
b00110111 (
#6311
0#
#6312
1#
b10011010 '
b01000000 (
#6313
0#
#6314
1#
b01111110 '
b01001001 (
#6315
0#
#6316
1#
b01100011 '
b01010010 (
#6317
0#
#6318
1#
b01001000 '
b01011011 (
#6319
0#
#6320
1#
b00110000 '
b01100100 (
#6321
0#
#6322
1#
b00011100 '
b01101101 (
#6323
0#
#6324
1#
b00001101 '
b01110110 (
#6325
0#
#6326
1#
b00000011 '
b01111111 (
#6327
0#
#6328
1#
b00000000 '
b10001000 (
#6329
0#
#6330
1#
b00000010 '
b10010001 (
#6331
0#
#6332
1#
b00001010 '
b10011010 (
#6333
0#
#6334
1#
b00011000 '
b10100011 (
#6335
0#
#6336
1#
b00101100 '
b10101100 (
#6337
0#
#6338
1#
b01000011 '
b10110101 (
#6339
0#
#6340
1#
b01011101 '
b10111110 (
#6341
0#
#6342
1#
b01111000 '
b11000111 (
#6343
0#
#6344
1#
b10010100 '
b11010000 (
#6345
0#
#6346
1#
b10101111 '
b11011001 (
#6347
0#
#6348
1#
b11001000 '
b11100010 (
#6349
0#
#6350
1#
b11011101 '
b11101011 (
#6351
0#
#6352
1#
b11101101 '
b11110100 (
#6353
0#
#6354
1#
b11111000 '
b11111101 (
#6355
0#
#6356
1#
b11111101 '
b00000110 (
#6357
0#
#6358
1#
b11111100 '
b00001111 (
#6359
0#
#6360
1#
b11110101 '
b00011000 (
#6361
0#
#6362
1#
b11101000 '
b00100001 (
#6363
0#
#6364
1#
b11010110 '
b00101010 (
#6365
0#
#6366
1#
b11000000 '
b00110011 (
#6367
0#
#6368
1#
b10100110 '
b00111100 (
#6369
0#
#6370
1#
b10001011 '
b01000101 (
#6371
0#
#6372
1#
b01101111 '
b01001110 (
#6373
0#
#6374
1#
b01010100 '
b01010111 (
#6375
0#
#6376
1#
b00111011 '
b01100000 (
#6377
0#
#6378
1#
b00100101 '
b01101001 (
#6379
0#
#6380
1#
b00010011 '
b01110010 (
#6381
0#
#6382
1#
b00000111 '
b01111011 (
#6383
0#
#6384
1#
b00000000 '
b10000100 (
#6385
0#
#6386
1#
b10001101 (
#6387
0#
#6388
1#
b00000110 '
b10010110 (
#6389
0#
#6390
1#
b00010010 '
b10011111 (
#6391
0#
#6392
1#
b00100011 '
b10101000 (
#6393
0#
#6394
1#
b00111000 '
b10110001 (
#6395
0#
#6396
1#
b01010001 '
b10111010 (
#6397
0#
#6398
1#
b01101100 '
b11000011 (
#6399
0#
#6400
1#
b10001000 '
b11001100 (
#6401
0#
#6402
1#
b10100011 '
b11010101 (
#6403
0#
#6404
1#
b10111101 '
b11011110 (
#6405
0#
#6406
1#
b11010100 '
b11100111 (
#6407
0#
#6408
1#
b11100110 '
b11110000 (
#6409
0#
#6410
1#
b11110100 '
b11111001 (
#6411
0#
#6412
1#
b11111100 '
b00000010 (
#6413
0#
#6414
1#
b11111101 '
b00001011 (
#6415
0#
#6416
1#
b11111001 '
b00010100 (
#6417
0#
#6418
1#
b11101111 '
b00011101 (
#6419
0#
#6420
1#
b11011111 '
b00100110 (
#6421
0#
#6422
1#
b11001010 '
b00101111 (
#6423
0#
#6424
1#
b10110010 '
b00111000 (
#6425
0#
#6426
1#
b10010111 '
b01000001 (
#6427
0#
#6428
1#
b01111011 '
b01001010 (
#6429
0#
#6430
1#
b01100000 '
b01010011 (
#6431
0#
#6432
1#
b01000101 '
b01011100 (
#6433
0#
#6434
1#
b00101110 '
b01100101 (
#6435
0#
#6436
1#
b00011010 '
b01101110 (
#6437
0#
#6438
1#
b00001100 '
b01110111 (
#6439
0#
#6440
1#
b00000011 '
b10000000 (
#6441
0#
#6442
1#
b00000000 '
b10001001 (
#6443
0#
#6444
1#
b00000011 '
b10010010 (
#6445
0#
#6446
1#
b00001100 '
b10011011 (
#6447
0#
#6448
1#
b00011010 '
b10100100 (
#6449
0#
#6450
1#
b00101110 '
b10101101 (
#6451
0#
#6452
1#
b01000101 '
b10110110 (
#6453
0#
#6454
1#
b01100000 '
b10111111 (
#6455
0#
#6456
1#
b01111011 '
b11001000 (
#6457
0#
#6458
1#
b10010111 '
b11010001 (
#6459
0#
#6460
1#
b10110010 '
b11011010 (
#6461
0#
#6462
1#
b11001010 '
b11100011 (
#6463
0#
#6464
1#
b11011111 '
b11101100 (
#6465
0#
#6466
1#
b11101111 '
b11110101 (
#6467
0#
#6468
1#
b11111001 '
b11111110 (
#6469
0#
#6470
1#
b11111101 '
b00000111 (
#6471
0#
#6472
1#
b11111100 '
b00010000 (
#6473
0#
#6474
1#
b11110100 '
b00011001 (
#6475
0#
#6476
1#
b11100110 '
b00100010 (
#6477
0#
#6478
1#
b11010100 '
b00101011 (
#6479
0#
#6480
1#
b10111101 '
b00110100 (
#6481
0#
#6482
1#
b10100011 '
b00111101 (
#6483
0#
#6484
1#
b10001000 '
b01000110 (
#6485
0#
#6486
1#
b01101100 '
b01001111 (
#6487
0#
#6488
1#
b01010001 '
b01011000 (
#6489
0#
#6490
1#
b00111000 '
b01100001 (
#6491
0#
#6492
1#
b00100011 '
b01101010 (
#6493
0#
#6494
1#
b00010010 '
b01110011 (
#6495
0#
#6496
1#
b00000110 '
b01111100 (
#6497
0#
#6498
1#
b00000000 '
b10000101 (
#6499
0#
#6500
1#
b10001110 (
#6501
0#
#6502
1#
b00000111 '
b10010111 (
#6503
0#
#6504
1#
b00010011 '
b10100000 (
#6505
0#
#6506
1#
b00100101 '
b10101001 (
#6507
0#
#6508
1#
b00111011 '
b10110010 (
#6509
0#
#6510
1#
b01010100 '
b10111011 (
#6511
0#
#6512
1#
b01101111 '
b11000100 (
#6513
0#
#6514
1#
b10001011 '
b11001101 (
#6515
0#
#6516
1#
b10100110 '
b11010110 (
#6517
0#
#6518
1#
b11000000 '
b11011111 (
#6519
0#
#6520
1#
b11010110 '
b11101000 (
#6521
0#
#6522
1#
b11101000 '
b11110001 (
#6523
0#
#6524
1#
b11110101 '
b11111010 (
#6525
0#
#6526
1#
b11111100 '
b00000011 (
#6527
0#
#6528
1#
b11111101 '
b00001100 (
#6529
0#
#6530
1#
b11111000 '
b00010101 (
#6531
0#
#6532
1#
b11101101 '
b00011110 (
#6533
0#
#6534
1#
b11011101 '
b00100111 (
#6535
0#
#6536
1#
b11001000 '
b00110000 (
#6537
0#
#6538
1#
b10101111 '
b00111001 (
#6539
0#
#6540
1#
b10010100 '
b01000010 (
#6541
0#
#6542
1#
b01111000 '
b01001011 (
#6543
0#
#6544
1#
b01011101 '
b01010100 (
#6545
0#
#6546
1#
b01000011 '
b01011101 (
#6547
0#
#6548
1#
b00101100 '
b01100110 (
#6549
0#
#6550
1#
b00011000 '
b01101111 (
#6551
0#
#6552
1#
b00001010 '
b01111000 (
#6553
0#
#6554
1#
b00000010 '
b10000001 (
#6555
0#
#6556
1#
b00000000 '
b10001010 (
#6557
0#
#6558
1#
b00000011 '
b10010011 (
#6559
0#
#6560
1#
b00001101 '
b10011100 (
#6561
0#
#6562
1#
b00011100 '
b10100101 (
#6563
0#
#6564
1#
b00110000 '
b10101110 (
#6565
0#
#6566
1#
b01001000 '
b10110111 (
#6567
0#
#6568
1#
b01100011 '
b11000000 (
#6569
0#
#6570
1#
b01111111 '
b11001001 (
#6571
0#
#6572
1#
b10011010 '
b11010010 (
#6573
0#
#6574
1#
b10110101 '
b11011011 (
#6575
0#
#6576
1#
b11001101 '
b11100100 (
#6577
0#
#6578
1#
b11100001 '
b11101101 (
#6579
0#
#6580
1#
b11110000 '
b11110110 (
#6581
0#
#6582
1#
b11111010 '
b11111111 (
#6583
0#
#6584
1#
b11111101 '
b00001000 (
#6585
0#
#6586
1#
b11111011 '
b00010001 (
#6587
0#
#6588
1#
b11110011 '
b00011010 (
#6589
0#
#6590
1#
b11100101 '
b00100011 (
#6591
0#
#6592
1#
b11010001 '
b00101100 (
#6593
0#
#6594
1#
b10111010 '
b00110101 (
#6595
0#
#6596
1#
b10100000 '
b00111110 (
#6597
0#
#6598
1#
b10000101 '
b01000111 (
#6599
0#
#6600
1#
b01101001 '
b01010000 (
#6601
0#
#6602
1#
b01001110 '
b01011001 (
#6603
0#
#6604
1#
b00110101 '
b01100010 (
#6605
0#
#6606
1#
b00100000 '
b01101011 (
#6607
0#
#6608
1#
b00010000 '
b01110100 (
#6609
0#
#6610
1#
b00000101 '
b01111101 (
#6611
0#
#6612
1#
b00000000 '
b10000110 (
#6613
0#
#6614
1#
b00000001 '
b10001111 (
#6615
0#
#6616
1#
b00001000 '
b10011000 (
#6617
0#
#6618
1#
b00010101 '
b10100001 (
#6619
0#
#6620
1#
b00100111 '
b10101010 (
#6621
0#
#6622
1#
b00111101 '
b10110011 (
#6623
0#
#6624
1#
b01010111 '
b10111100 (
#6625
0#
#6626
1#
b01110010 '
b11000101 (
#6627
0#
#6628
1#
b10001110 '
b11001110 (
#6629
0#
#6630
1#
b10101001 '
b11010111 (
#6631
0#
#6632
1#
b11000010 '
b11100000 (
#6633
0#
#6634
1#
b11011000 '
b11101001 (
#6635
0#
#6636
1#
b11101010 '
b11110010 (
#6637
0#
#6638
1#
b11110110 '
b11111011 (
#6639
0#
#6640
1#
b11111101 '
b00000100 (
#6641
0#
#6642
1#
b00001101 (
#6643
0#
#6644
1#
b11110111 '
b00010110 (
#6645
0#
#6646
1#
b11101011 '
b00011111 (
#6647
0#
#6648
1#
b11011010 '
b00101000 (
#6649
0#
#6650
1#
b11000101 '
b00110001 (
#6651
0#
#6652
1#
b10101100 '
b00111010 (
#6653
0#
#6654
1#
b10010001 '
b01000011 (
#6655
0#
#6656
1#
b01110101 '
b01001100 (
#6657
0#
#6658
1#
b01011010 '
b01010101 (
#6659
0#
#6660
1#
b01000000 '
b01011110 (
#6661
0#
#6662
1#
b00101001 '
b01100111 (
#6663
0#
#6664
1#
b00010111 '
b01110000 (
#6665
0#
#6666
1#
b00001001 '
b01111001 (
#6667
0#
#6668
1#
b00000001 '
b10000010 (
#6669
0#
#6670
1#
b00000000 '
b10001011 (
#6671
0#
#6672
1#
b00000100 '
b10010100 (
#6673
0#
#6674
1#
b00001110 '
b10011101 (
#6675
0#
#6676
1#
b00011110 '
b10100110 (
#6677
0#
#6678
1#
b00110011 '
b10101111 (
#6679
0#
#6680
1#
b01001011 '
b10111000 (
#6681
0#
#6682
1#
b01100110 '
b11000001 (
#6683
0#
#6684
1#
b10000010 '
b11001010 (
#6685
0#
#6686
1#
b10011101 '
b11010011 (
#6687
0#
#6688
1#
b10111000 '
b11011100 (
#6689
0#
#6690
1#
b11001111 '
b11100101 (
#6691
0#
#6692
1#
b11100011 '
b11101110 (
#6693
0#
#6694
1#
b11110001 '
b11110111 (
#6695
0#
#6696
1#
b11111010 '
b00000000 (
#6697
0#
#6698
1#
b11111110 '
b00001001 (
#6699
0#
#6700
1#
b11111010 '
b00010010 (
#6701
0#
#6702
1#
b11110001 '
b00011011 (
#6703
0#
#6704
1#
b11100011 '
b00100100 (
#6705
0#
#6706
1#
b11001111 '
b00101101 (
#6707
0#
#6708
1#
b10111000 '
b00110110 (
#6709
0#
#6710
1#
b10011101 '
b00111111 (
#6711
0#
#6712
1#
b10000010 '
b01001000 (
#6713
0#
#6714
1#
b01100110 '
b01010001 (
#6715
0#
#6716
1#
b01001011 '
b01011010 (
#6717
0#
#6718
1#
b00110011 '
b01100011 (
#6719
0#
#6720
1#
b00011110 '
b01101100 (
#6721
0#
#6722
1#
b00001110 '
b01110101 (
#6723
0#
#6724
1#
b00000100 '
b01111110 (
#6725
0#
#6726
1#
b00000000 '
b10000111 (
#6727
0#
#6728
1#
b00000001 '
b10010000 (
#6729
0#
#6730
1#
b00001001 '
b10011001 (
#6731
0#
#6732
1#
b00010111 '
b10100010 (
#6733
0#
#6734
1#
b00101001 '
b10101011 (
#6735
0#
#6736
1#
b01000000 '
b10110100 (
#6737
0#
#6738
1#
b01011010 '
b10111101 (
#6739
0#
#6740
1#
b01110101 '
b11000110 (
#6741
0#
#6742
1#
b10010001 '
b11001111 (
#6743
0#
#6744
1#
b10101100 '
b11011000 (
#6745
0#
#6746
1#
b11000101 '
b11100001 (
#6747
0#
#6748
1#
b11011010 '
b11101010 (
#6749
0#
#6750
1#
b11101011 '
b11110011 (
#6751
0#
#6752
1#
b11110111 '
b11111100 (
#6753
0#
#6754
1#
b11111101 '
b00000101 (
#6755
0#
#6756
1#
b00001110 (
#6757
0#
#6758
1#
b11110110 '
b00010111 (
#6759
0#
#6760
1#
b11101010 '
b00100000 (
#6761
0#
#6762
1#
b11011000 '
b00101001 (
#6763
0#
#6764
1#
b11000010 '
b00110010 (
#6765
0#
#6766
1#
b10101001 '
b00111011 (
#6767
0#
#6768
1#
b10001110 '
b01000100 (
#6769
0#
#6770
1#
b01110010 '
b01001101 (
#6771
0#
#6772
1#
b01010111 '
b01010110 (
#6773
0#
#6774
1#
b00111101 '
b01011111 (
#6775
0#
#6776
1#
b00100111 '
b01101000 (
#6777
0#
#6778
1#
b00010101 '
b01110001 (
#6779
0#
#6780
1#
b00001000 '
b01111010 (
#6781
0#
#6782
1#
b00000001 '
b10000011 (
#6783
0#
#6784
1#
b00000000 '
b10001100 (
#6785
0#
#6786
1#
b00000101 '
b10010101 (
#6787
0#
#6788
1#
b00010000 '
b10011110 (
#6789
0#
#6790
1#
b00100000 '
b10100111 (
#6791
0#
#6792
1#
b00110101 '
b10110000 (
#6793
0#
#6794
1#
b01001110 '
b10111001 (
#6795
0#
#6796
1#
b01101001 '
b11000010 (
#6797
0#
#6798
1#
b10000101 '
b11001011 (
#6799
0#
#6800
1#
b10100000 '
b11010100 (
#6801
0#
#6802
1#
b10111010 '
b11011101 (
#6803
0#
#6804
1#
b11010001 '
b11100110 (
#6805
0#
#6806
1#
b11100101 '
b11101111 (
#6807
0#
#6808
1#
b11110011 '
b11111000 (
#6809
0#
#6810
1#
b11111011 '
b00000001 (
#6811
0#
#6812
1#
b11111101 '
b00001010 (
#6813
0#
#6814
1#
b11111010 '
b00010011 (
#6815
0#
#6816
1#
b11110000 '
b00011100 (
#6817
0#
#6818
1#
b11100001 '
b00100101 (
#6819
0#
#6820
1#
b11001101 '
b00101110 (
#6821
0#
#6822
1#
b10110101 '
b00110111 (
#6823
0#
#6824
1#
b10011010 '
b01000000 (
#6825
0#
#6826
1#
b01111110 '
b01001001 (
#6827
0#
#6828
1#
b01100011 '
b01010010 (
#6829
0#
#6830
1#
b01001000 '
b01011011 (
#6831
0#
#6832
1#
b00110000 '
b01100100 (
#6833
0#
#6834
1#
b00011100 '
b01101101 (
#6835
0#
#6836
1#
b00001101 '
b01110110 (
#6837
0#
#6838
1#
b00000011 '
b01111111 (
#6839
0#
#6840
1#
b00000000 '
b10001000 (
#6841
0#
#6842
1#
b00000010 '
b10010001 (
#6843
0#
#6844
1#
b00001010 '
b10011010 (
#6845
0#
#6846
1#
b00011000 '
b10100011 (
#6847
0#
#6848
1#
b00101100 '
b10101100 (
#6849
0#
#6850
1#
b01000011 '
b10110101 (
#6851
0#
#6852
1#
b01011101 '
b10111110 (
#6853
0#
#6854
1#
b01111000 '
b11000111 (
#6855
0#
#6856
1#
b10010100 '
b11010000 (
#6857
0#
#6858
1#
b10101111 '
b11011001 (
#6859
0#
#6860
1#
b11001000 '
b11100010 (
#6861
0#
#6862
1#
b11011101 '
b11101011 (
#6863
0#
#6864
1#
b11101101 '
b11110100 (
#6865
0#
#6866
1#
b11111000 '
b11111101 (
#6867
0#
#6868
1#
b11111101 '
b00000110 (
#6869
0#
#6870
1#
b11111100 '
b00001111 (
#6871
0#
#6872
1#
b11110101 '
b00011000 (
#6873
0#
#6874
1#
b11101000 '
b00100001 (
#6875
0#
#6876
1#
b11010110 '
b00101010 (
#6877
0#
#6878
1#
b11000000 '
b00110011 (
#6879
0#
#6880
1#
b10100110 '
b00111100 (
#6881
0#
#6882
1#
b10001011 '
b01000101 (
#6883
0#
#6884
1#
b01101111 '
b01001110 (
#6885
0#
#6886
1#
b01010100 '
b01010111 (
#6887
0#
#6888
1#
b00111011 '
b01100000 (
#6889
0#
#6890
1#
b00100101 '
b01101001 (
#6891
0#
#6892
1#
b00010011 '
b01110010 (
#6893
0#
#6894
1#
b00000111 '
b01111011 (
#6895
0#
#6896
1#
b00000000 '
b10000100 (
#6897
0#
#6898
1#
b10001101 (
#6899
0#
#6900
1#
b00000110 '
b10010110 (
#6901
0#
#6902
1#
b00010010 '
b10011111 (
#6903
0#
#6904
1#
b00100011 '
b10101000 (
#6905
0#
#6906
1#
b00111000 '
b10110001 (
#6907
0#
#6908
1#
b01010001 '
b10111010 (
#6909
0#
#6910
1#
b01101100 '
b11000011 (
#6911
0#
#6912
1#
b10001000 '
b11001100 (
#6913
0#
#6914
1#
b10100011 '
b11010101 (
#6915
0#
#6916
1#
b10111101 '
b11011110 (
#6917
0#
#6918
1#
b11010100 '
b11100111 (
#6919
0#
#6920
1#
b11100110 '
b11110000 (
#6921
0#
#6922
1#
b11110100 '
b11111001 (
#6923
0#
#6924
1#
b11111100 '
b00000010 (
#6925
0#
#6926
1#
b11111101 '
b00001011 (
#6927
0#
#6928
1#
b11111001 '
b00010100 (
#6929
0#
#6930
1#
b11101111 '
b00011101 (
#6931
0#
#6932
1#
b11011111 '
b00100110 (
#6933
0#
#6934
1#
b11001010 '
b00101111 (
#6935
0#
#6936
1#
b10110010 '
b00111000 (
#6937
0#
#6938
1#
b10010111 '
b01000001 (
#6939
0#
#6940
1#
b01111011 '
b01001010 (
#6941
0#
#6942
1#
b01100000 '
b01010011 (
#6943
0#
#6944
1#
b01000101 '
b01011100 (
#6945
0#
#6946
1#
b00101110 '
b01100101 (
#6947
0#
#6948
1#
b00011010 '
b01101110 (
#6949
0#
#6950
1#
b00001100 '
b01110111 (
#6951
0#
#6952
1#
b00000011 '
b10000000 (
#6953
0#
#6954
1#
b00000000 '
b10001001 (
#6955
0#
#6956
1#
b00000011 '
b10010010 (
#6957
0#
#6958
1#
b00001100 '
b10011011 (
#6959
0#
#6960
1#
b00011010 '
b10100100 (
#6961
0#
#6962
1#
b00101110 '
b10101101 (
#6963
0#
#6964
1#
b01000101 '
b10110110 (
#6965
0#
#6966
1#
b01100000 '
b10111111 (
#6967
0#
#6968
1#
b01111011 '
b11001000 (
#6969
0#
#6970
1#
b10010111 '
b11010001 (
#6971
0#
#6972
1#
b10110010 '
b11011010 (
#6973
0#
#6974
1#
b11001010 '
b11100011 (
#6975
0#
#6976
1#
b11011111 '
b11101100 (
#6977
0#
#6978
1#
b11101111 '
b11110101 (
#6979
0#
#6980
1#
b11111001 '
b11111110 (
#6981
0#
#6982
1#
b11111101 '
b00000111 (
#6983
0#
#6984
1#
b11111100 '
b00010000 (
#6985
0#
#6986
1#
b11110100 '
b00011001 (
#6987
0#
#6988
1#
b11100110 '
b00100010 (
#6989
0#
#6990
1#
b11010100 '
b00101011 (
#6991
0#
#6992
1#
b10111101 '
b00110100 (
#6993
0#
#6994
1#
b10100011 '
b00111101 (
#6995
0#
#6996
1#
b10001000 '
b01000110 (
#6997
0#
#6998
1#
b01101100 '
b01001111 (
#6999
0#
#7000
1#
b01010001 '
b01011000 (
#7001
0#
#7002
1#
b00111000 '
b01100001 (
#7003
0#
#7004
1#
b00100011 '
b01101010 (
#7005
0#
#7006
1#
b00010010 '
b01110011 (
#7007
0#
#7008
1#
b00000110 '
b01111100 (
#7009
0#
#7010
1#
b00000000 '
b10000101 (
#7011
0#
#7012
1#
b10001110 (
#7013
0#
#7014
1#
b00000111 '
b10010111 (
#7015
0#
#7016
1#
b00010011 '
b10100000 (
#7017
0#
#7018
1#
b00100101 '
b10101001 (
#7019
0#
#7020
1#
b00111011 '
b10110010 (
#7021
0#
#7022
1#
b01010100 '
b10111011 (
#7023
0#
#7024
1#
b01101111 '
b11000100 (
#7025
0#
#7026
1#
b10001011 '
b11001101 (
#7027
0#
#7028
1#
b10100110 '
b11010110 (
#7029
0#
#7030
1#
b11000000 '
b11011111 (
#7031
0#
#7032
1#
b11010110 '
b11101000 (
#7033
0#
#7034
1#
b11101000 '
b11110001 (
#7035
0#
#7036
1#
b11110101 '
b11111010 (
#7037
0#
#7038
1#
b11111100 '
b00000011 (
#7039
0#
#7040
1#
b11111101 '
b00001100 (
#7041
0#
#7042
1#
b11111000 '
b00010101 (
#7043
0#
#7044
1#
b11101101 '
b00011110 (
#7045
0#
#7046
1#
b11011101 '
b00100111 (
#7047
0#
#7048
1#
b11001000 '
b00110000 (
#7049
0#
#7050
1#
b10101111 '
b00111001 (
#7051
0#
#7052
1#
b10010100 '
b01000010 (
#7053
0#
#7054
1#
b01111000 '
b01001011 (
#7055
0#
#7056
1#
b01011101 '
b01010100 (
#7057
0#
#7058
1#
b01000011 '
b01011101 (
#7059
0#
#7060
1#
b00101100 '
b01100110 (
#7061
0#
#7062
1#
b00011000 '
b01101111 (
#7063
0#
#7064
1#
b00001010 '
b01111000 (
#7065
0#
#7066
1#
b00000010 '
b10000001 (
#7067
0#
#7068
1#
b00000000 '
b10001010 (
#7069
0#
#7070
1#
b00000011 '
b10010011 (
#7071
0#
#7072
1#
b00001101 '
b10011100 (
#7073
0#
#7074
1#
b00011100 '
b10100101 (
#7075
0#
#7076
1#
b00110000 '
b10101110 (
#7077
0#
#7078
1#
b01001000 '
b10110111 (
#7079
0#
#7080
1#
b01100011 '
b11000000 (
#7081
0#
#7082
1#
b01111111 '
b11001001 (
#7083
0#
#7084
1#
b10011010 '
b11010010 (
#7085
0#
#7086
1#
b10110101 '
b11011011 (
#7087
0#
#7088
1#
b11001101 '
b11100100 (
#7089
0#
#7090
1#
b11100001 '
b11101101 (
#7091
0#
#7092
1#
b11110000 '
b11110110 (
#7093
0#
#7094
1#
b11111010 '
b11111111 (
#7095
0#
#7096
1#
b11111101 '
b00001000 (
#7097
0#
#7098
1#
b11111011 '
b00010001 (
#7099
0#
#7100
1#
b11110011 '
b00011010 (
#7101
0#
#7102
1#
b11100101 '
b00100011 (
#7103
0#
#7104
1#
b11010001 '
b00101100 (
#7105
0#
#7106
1#
b10111010 '
b00110101 (
#7107
0#
#7108
1#
b10100000 '
b00111110 (
#7109
0#
#7110
1#
b10000101 '
b01000111 (
#7111
0#
#7112
1#
b01101001 '
b01010000 (
#7113
0#
#7114
1#
b01001110 '
b01011001 (
#7115
0#
#7116
1#
b00110101 '
b01100010 (
#7117
0#
#7118
1#
b00100000 '
b01101011 (
#7119
0#
#7120
1#
b00010000 '
b01110100 (
#7121
0#
#7122
1#
b00000101 '
b01111101 (
#7123
0#
#7124
1#
b00000000 '
b10000110 (
#7125
0#
#7126
1#
b00000001 '
b10001111 (
#7127
0#
#7128
1#
b00001000 '
b10011000 (
#7129
0#
#7130
1#
b00010101 '
b10100001 (
#7131
0#
#7132
1#
b00100111 '
b10101010 (
#7133
0#
#7134
1#
b00111101 '
b10110011 (
#7135
0#
#7136
1#
b01010111 '
b10111100 (
#7137
0#
#7138
1#
b01110010 '
b11000101 (
#7139
0#
#7140
1#
b10001110 '
b11001110 (
#7141
0#
#7142
1#
b10101001 '
b11010111 (
#7143
0#
#7144
1#
b11000010 '
b11100000 (
#7145
0#
#7146
1#
b11011000 '
